date,metric_type,value
2015-01-01,Air Quality,283.2
2015-01-02,Air Quality,209.64000000000001
2015-01-03,Air Quality,230.11999999999998
2015-01-04,Air Quality,198.56
2015-01-05,Air Quality,225.78000000000003
2015-01-06,Air Quality,276.15999999999997
2015-01-07,Air Quality,324.86
2015-01-08,Air Quality,276.93999999999994
2015-01-09,Air Quality,87.52000000000001
2015-01-10,Air Quality,173.24
2015-01-11,Air Quality,377.21999999999997
2015-01-12,Air Quality,336.65999999999997
2015-01-13,Air Quality,239.51999999999998
2015-01-14,Air Quality,251.01999999999998
2015-01-15,Air Quality,388.08000000000004
2015-01-16,Air Quality,253.5
2015-01-17,Air Quality,129.54
2015-01-18,Air Quality,299.76
2015-01-19,Air Quality,314.02
2015-01-20,Air Quality,181.76
2015-01-21,Air Quality,292.24
2015-01-22,Air Quality,102.96
2015-01-23,Air Quality,321.71999999999997
2015-01-24,Air Quality,172.45999999999998
2015-01-25,Air Quality,166.78000000000003
2015-01-26,Air Quality,281.46
2015-01-27,Air Quality,170.38
2015-01-28,Air Quality,157.74
2015-01-29,Air Quality,213.32
2015-01-30,Air Quality,272.84
2015-01-31,Air Quality,303.03999999999996
2015-02-01,Air Quality,223.08
2015-02-02,Air Quality,269.3
2015-02-03,Air Quality,318.32
2015-02-04,Air Quality,273.24
2015-02-05,Air Quality,68.66
2015-02-06,Air Quality,175.7
2015-02-07,Air Quality,294.2
2015-02-08,Air Quality,317.32
2015-02-09,Air Quality,216.51999999999998
2015-02-10,Air Quality,400.12
2015-02-11,Air Quality,338.26
2015-02-12,Air Quality,346.78
2015-02-13,Air Quality,298.94
2015-02-14,Air Quality,204.95999999999998
2015-02-15,Air Quality,104.6
2015-02-16,Air Quality,278.3
2015-02-17,Air Quality,277.52
2015-02-18,Air Quality,227.42
2015-02-19,Air Quality,257.5
2015-02-20,Air Quality,86.04
2015-02-21,Air Quality,313.3
2015-02-22,Air Quality,257.88
2015-02-23,Air Quality,175.5
2015-02-24,Air Quality,165.56
2015-02-25,Air Quality,271.46
2015-02-26,Air Quality,328.56
2015-02-27,Air Quality,248.0
2015-02-28,Air Quality,306.68
2015-03-01,Air Quality,375.4
2015-03-02,Air Quality,165.5
2015-03-03,Air Quality,260.15999999999997
2015-03-04,Air Quality,183.64000000000001
2015-03-05,Air Quality,297.08000000000004
2015-03-06,Air Quality,393.23999999999995
2015-03-07,Air Quality,226.45999999999998
2015-03-08,Air Quality,282.02000000000004
2015-03-09,Air Quality,332.94
2015-03-10,Air Quality,301.04
2015-03-11,Air Quality,278.46
2015-03-12,Air Quality,252.88000000000002
2015-03-13,Air Quality,256.16
2015-03-14,Air Quality,219.6
2015-03-15,Air Quality,380.71999999999997
2015-03-16,Air Quality,185.4
2015-03-17,Air Quality,307.1
2015-03-18,Air Quality,262.62
2015-03-19,Air Quality,330.41999999999996
2015-03-20,Air Quality,252.88000000000002
2015-03-21,Air Quality,276.84000000000003
2015-03-22,Air Quality,176.57999999999998
2015-03-23,Air Quality,327.08000000000004
2015-03-24,Air Quality,133.35999999999999
2015-03-25,Air Quality,256.08000000000004
2015-03-26,Air Quality,216.8
2015-03-27,Air Quality,197.94
2015-03-28,Air Quality,221.24
2015-03-29,Air Quality,356.36
2015-03-30,Air Quality,252.26
2015-03-31,Air Quality,280.86
2015-04-01,Air Quality,229.82
2015-04-02,Air Quality,194.28
2015-04-03,Air Quality,234.84
2015-04-04,Air Quality,333.04
2015-04-05,Air Quality,210.08
2015-04-06,Air Quality,339.04
2015-04-07,Air Quality,345.24
2015-04-08,Air Quality,251.45999999999998
2015-04-09,Air Quality,336.26
2015-04-10,Air Quality,134.74
2015-04-11,Air Quality,297.21999999999997
2015-04-12,Air Quality,310.5
2015-04-13,Air Quality,167.54000000000002
2015-04-14,Air Quality,142.26
2015-04-15,Air Quality,325.64
2015-04-16,Air Quality,280.7
2015-04-17,Air Quality,142.76
2015-04-18,Air Quality,251.7
2015-04-19,Air Quality,152.52
2015-04-20,Air Quality,192.78000000000003
2015-04-21,Air Quality,208.06
2015-04-22,Air Quality,198.21999999999997
2015-04-23,Air Quality,216.68
2015-04-24,Air Quality,301.56
2015-04-25,Air Quality,190.85999999999999
2015-04-26,Air Quality,207.26
2015-04-27,Air Quality,184.62
2015-04-28,Air Quality,216.5
2015-04-29,Air Quality,381.26
2015-04-30,Air Quality,290.26
2015-05-01,Air Quality,240.51999999999998
2015-05-02,Air Quality,208.6
2015-05-03,Air Quality,339.96
2015-05-04,Air Quality,128.22
2015-05-05,Air Quality,354.15999999999997
2015-05-06,Air Quality,347.4
2015-05-07,Air Quality,249.35999999999999
2015-05-08,Air Quality,266.1
2015-05-09,Air Quality,167.2
2015-05-10,Air Quality,318.46
2015-05-11,Air Quality,286.28000000000003
2015-05-12,Air Quality,287.24
2015-05-13,Air Quality,236.57999999999998
2015-05-14,Air Quality,292.82
2015-05-15,Air Quality,262.02
2015-05-16,Air Quality,315.98
2015-05-17,Air Quality,132.68
2015-05-18,Air Quality,82.86
2015-05-19,Air Quality,319.68
2015-05-20,Air Quality,373.08000000000004
2015-05-21,Air Quality,332.78000000000003
2015-05-22,Air Quality,389.21999999999997
2015-05-23,Air Quality,184.2
2015-05-24,Air Quality,319.68
2015-05-25,Air Quality,190.32
2015-05-26,Air Quality,140.32
2015-05-27,Air Quality,122.5
2015-05-28,Air Quality,220.24
2015-05-29,Air Quality,175.95999999999998
2015-05-30,Air Quality,218.8
2015-05-31,Air Quality,299.8
2015-06-01,Air Quality,267.91999999999996
2015-06-02,Air Quality,338.44
2015-06-03,Air Quality,197.14000000000001
2015-06-04,Air Quality,176.7
2015-06-05,Air Quality,348.58000000000004
2015-06-06,Air Quality,316.2
2015-06-07,Air Quality,313.6
2015-06-08,Air Quality,244.58
2015-06-09,Air Quality,273.7
2015-06-10,Air Quality,178.76
2015-06-11,Air Quality,195.24
2015-06-12,Air Quality,240.14000000000001
2015-06-13,Air Quality,309.84000000000003
2015-06-14,Air Quality,247.1
2015-06-15,Air Quality,219.26
2015-06-16,Air Quality,174.76
2015-06-17,Air Quality,289.98
2015-06-18,Air Quality,290.78000000000003
2015-06-19,Air Quality,214.58
2015-06-20,Air Quality,216.45999999999998
2015-06-21,Air Quality,176.24
2015-06-22,Air Quality,175.66000000000003
2015-06-23,Air Quality,349.14
2015-06-24,Air Quality,213.82
2015-06-25,Air Quality,292.2
2015-06-26,Air Quality,243.26
2015-06-27,Air Quality,163.38
2015-06-28,Air Quality,254.18
2015-06-29,Air Quality,317.94
2015-06-30,Air Quality,241.85999999999999
2015-07-01,Air Quality,235.95999999999998
2015-07-02,Air Quality,191.45999999999998
2015-07-03,Air Quality,316.96
2015-07-04,Air Quality,302.38
2015-07-05,Air Quality,221.01999999999998
2015-07-06,Air Quality,230.98000000000002
2015-07-07,Air Quality,164.14000000000001
2015-07-08,Air Quality,212.13999999999996
2015-07-09,Air Quality,278.62
2015-07-10,Air Quality,318.6
2015-07-11,Air Quality,231.85999999999999
2015-07-12,Air Quality,179.72
2015-07-13,Air Quality,180.6
2015-07-14,Air Quality,242.34
2015-07-15,Air Quality,198.64000000000001
2015-07-16,Air Quality,299.08000000000004
2015-07-17,Air Quality,248.64000000000001
2015-07-18,Air Quality,277.36
2015-07-19,Air Quality,142.32
2015-07-20,Air Quality,256.56
2015-07-21,Air Quality,341.52
2015-07-22,Air Quality,226.58
2015-07-23,Air Quality,267.65999999999997
2015-07-24,Air Quality,266.24
2015-07-25,Air Quality,227.16
2015-07-26,Air Quality,216.2
2015-07-27,Air Quality,164.18
2015-07-28,Air Quality,211.42
2015-07-29,Air Quality,206.21999999999997
2015-07-30,Air Quality,68.0
2015-07-31,Air Quality,273.04
2015-08-01,Air Quality,226.61999999999998
2015-08-02,Air Quality,230.93999999999997
2015-08-03,Air Quality,228.88000000000002
2015-08-04,Air Quality,260.38
2015-08-05,Air Quality,197.61999999999998
2015-08-06,Air Quality,284.04
2015-08-07,Air Quality,291.1
2015-08-08,Air Quality,256.02
2015-08-09,Air Quality,211.03999999999996
2015-08-10,Air Quality,176.71999999999997
2015-08-11,Air Quality,235.32000000000002
2015-08-12,Air Quality,249.58
2015-08-13,Air Quality,276.76
2015-08-14,Air Quality,226.54000000000002
2015-08-15,Air Quality,208.14000000000001
2015-08-16,Air Quality,323.0
2015-08-17,Air Quality,207.18
2015-08-18,Air Quality,382.5
2015-08-19,Air Quality,200.35999999999999
2015-08-20,Air Quality,303.58000000000004
2015-08-21,Air Quality,269.8
2015-08-22,Air Quality,296.48
2015-08-23,Air Quality,233.1
2015-08-24,Air Quality,179.06
2015-08-25,Air Quality,206.9
2015-08-26,Air Quality,172.98
2015-08-27,Air Quality,298.76
2015-08-28,Air Quality,340.65999999999997
2015-08-29,Air Quality,230.2
2015-08-30,Air Quality,288.12
2015-08-31,Air Quality,255.94
2015-09-01,Air Quality,252.42
2015-09-02,Air Quality,294.41999999999996
2015-09-03,Air Quality,231.6
2015-09-04,Air Quality,327.0
2015-09-05,Air Quality,146.2
2015-09-06,Air Quality,285.7
2015-09-07,Air Quality,196.54000000000002
2015-09-08,Air Quality,184.57999999999998
2015-09-09,Air Quality,166.35999999999999
2015-09-10,Air Quality,300.84000000000003
2015-09-11,Air Quality,307.96
2015-09-12,Air Quality,207.95999999999998
2015-09-13,Air Quality,194.0
2015-09-14,Air Quality,178.2
2015-09-15,Air Quality,83.5
2015-09-16,Air Quality,210.9
2015-09-17,Air Quality,284.64
2015-09-18,Air Quality,201.9
2015-09-19,Air Quality,253.1
2015-09-20,Air Quality,282.7
2015-09-21,Air Quality,260.4
2015-09-22,Air Quality,286.3
2015-09-23,Air Quality,207.56
2015-09-24,Air Quality,169.3
2015-09-25,Air Quality,327.44
2015-09-26,Air Quality,202.74
2015-09-27,Air Quality,235.66
2015-09-28,Air Quality,153.54000000000002
2015-09-29,Air Quality,212.66
2015-09-30,Air Quality,255.14000000000001
2015-10-01,Air Quality,165.0
2015-10-02,Air Quality,108.5
2015-10-03,Air Quality,305.14
2015-10-04,Air Quality,228.26
2015-10-05,Air Quality,190.12
2015-10-06,Air Quality,320.98
2015-10-07,Air Quality,153.26
2015-10-08,Air Quality,347.6
2015-10-09,Air Quality,182.88
2015-10-10,Air Quality,267.0
2015-10-11,Air Quality,139.68
2015-10-12,Air Quality,58.82000000000001
2015-10-13,Air Quality,163.9
2015-10-14,Air Quality,148.4
2015-10-15,Air Quality,381.58000000000004
2015-10-16,Air Quality,265.84000000000003
2015-10-17,Air Quality,145.72
2015-10-18,Air Quality,263.52
2015-10-19,Air Quality,227.28000000000003
2015-10-20,Air Quality,143.14000000000001
2015-10-21,Air Quality,92.72
2015-10-22,Air Quality,163.72
2015-10-23,Air Quality,200.95999999999998
2015-10-24,Air Quality,280.7
2015-10-25,Air Quality,270.88
2015-10-26,Air Quality,262.24
2015-10-27,Air Quality,251.66
2015-10-28,Air Quality,252.85999999999999
2015-10-29,Air Quality,231.94
2015-10-30,Air Quality,229.76
2015-10-31,Air Quality,323.91999999999996
2015-11-01,Air Quality,205.9
2015-11-02,Air Quality,197.18
2015-11-03,Air Quality,301.54
2015-11-04,Air Quality,202.88
2015-11-05,Air Quality,199.6
2015-11-06,Air Quality,332.91999999999996
2015-11-07,Air Quality,314.56
2015-11-08,Air Quality,351.38
2015-11-09,Air Quality,289.74
2015-11-10,Air Quality,243.64000000000001
2015-11-11,Air Quality,187.56
2015-11-12,Air Quality,262.88
2015-11-13,Air Quality,207.08
2015-11-14,Air Quality,285.2
2015-11-15,Air Quality,315.04
2015-11-16,Air Quality,312.71999999999997
2015-11-17,Air Quality,242.21999999999997
2015-11-18,Air Quality,256.1
2015-11-19,Air Quality,129.1
2015-11-20,Air Quality,301.68
2015-11-21,Air Quality,289.06
2015-11-22,Air Quality,275.7
2015-11-23,Air Quality,333.66
2015-11-24,Air Quality,284.28000000000003
2015-11-25,Air Quality,203.98
2015-11-26,Air Quality,298.6
2015-11-27,Air Quality,206.71999999999997
2015-11-28,Air Quality,235.06
2015-11-29,Air Quality,304.62
2015-11-30,Air Quality,189.95999999999998
2015-12-01,Air Quality,246.11999999999998
2015-12-02,Air Quality,352.3
2015-12-03,Air Quality,273.58000000000004
2015-12-04,Air Quality,294.56
2015-12-05,Air Quality,268.48
2015-12-06,Air Quality,278.52
2015-12-07,Air Quality,290.1
2015-12-08,Air Quality,265.12
2015-12-09,Air Quality,196.9
2015-12-10,Air Quality,235.78000000000003
2015-12-11,Air Quality,190.62
2015-12-12,Air Quality,278.71999999999997
2015-12-13,Air Quality,417.46000000000004
2015-12-14,Air Quality,294.65999999999997
2015-12-15,Air Quality,287.82
2015-12-16,Air Quality,322.52
2015-12-17,Air Quality,346.06
2015-12-18,Air Quality,261.3
2015-12-19,Air Quality,328.41999999999996
2015-12-20,Air Quality,291.64
2015-12-21,Air Quality,218.51999999999998
2015-12-22,Air Quality,295.44
2015-12-23,Air Quality,264.38
2015-12-24,Air Quality,244.08
2015-12-25,Air Quality,262.98
2015-12-26,Air Quality,329.1
2015-12-27,Air Quality,329.6
2015-12-28,Air Quality,250.32
2015-12-29,Air Quality,185.38
2015-12-30,Air Quality,194.07999999999998
2015-12-31,Air Quality,290.26
2016-01-01,Air Quality,159.54000000000002
2016-01-02,Air Quality,304.68
2016-01-03,Air Quality,352.08000000000004
2016-01-04,Air Quality,342.26000000000005
2016-01-05,Air Quality,98.02000000000001
2016-01-06,Air Quality,236.48000000000002
2016-01-07,Air Quality,236.6
2016-01-08,Air Quality,220.32
2016-01-09,Air Quality,300.84000000000003
2016-01-10,Air Quality,272.5
2016-01-11,Air Quality,213.14000000000001
2016-01-12,Air Quality,306.98
2016-01-13,Air Quality,303.2
2016-01-14,Air Quality,312.94
2016-01-15,Air Quality,97.9
2016-01-16,Air Quality,195.72
2016-01-17,Air Quality,212.51999999999998
2016-01-18,Air Quality,224.4
2016-01-19,Air Quality,237.76
2016-01-20,Air Quality,220.06
2016-01-21,Air Quality,164.35999999999999
2016-01-22,Air Quality,256.32
2016-01-23,Air Quality,226.71999999999997
2016-01-24,Air Quality,240.88000000000002
2016-01-25,Air Quality,235.58
2016-01-26,Air Quality,263.84000000000003
2016-01-27,Air Quality,312.58000000000004
2016-01-28,Air Quality,221.88000000000002
2016-01-29,Air Quality,313.46
2016-01-30,Air Quality,156.1
2016-01-31,Air Quality,251.24
2016-02-01,Air Quality,262.15999999999997
2016-02-02,Air Quality,290.12
2016-02-03,Air Quality,239.82
2016-02-04,Air Quality,255.68
2016-02-05,Air Quality,114.62
2016-02-06,Air Quality,145.48000000000002
2016-02-07,Air Quality,280.36
2016-02-08,Air Quality,136.84
2016-02-09,Air Quality,178.45999999999998
2016-02-10,Air Quality,248.11999999999998
2016-02-11,Air Quality,311.02000000000004
2016-02-12,Air Quality,232.16
2016-02-13,Air Quality,220.08
2016-02-14,Air Quality,315.12
2016-02-15,Air Quality,251.7
2016-02-16,Air Quality,311.15999999999997
2016-02-17,Air Quality,213.52000000000004
2016-02-18,Air Quality,168.86
2016-02-19,Air Quality,131.8
2016-02-20,Air Quality,132.78
2016-02-21,Air Quality,399.54
2016-02-22,Air Quality,315.06
2016-02-23,Air Quality,129.44
2016-02-24,Air Quality,225.11999999999998
2016-02-25,Air Quality,351.74
2016-02-26,Air Quality,234.71999999999997
2016-02-27,Air Quality,220.58
2016-02-28,Air Quality,184.66
2016-02-29,Air Quality,172.45999999999998
2016-03-01,Air Quality,420.93999999999994
2016-03-02,Air Quality,237.21999999999997
2016-03-03,Air Quality,376.46
2016-03-04,Air Quality,133.62
2016-03-05,Air Quality,360.02
2016-03-06,Air Quality,243.9
2016-03-07,Air Quality,83.7
2016-03-08,Air Quality,287.12
2016-03-09,Air Quality,195.64000000000001
2016-03-10,Air Quality,342.62
2016-03-11,Air Quality,357.41999999999996
2016-03-12,Air Quality,195.5
2016-03-13,Air Quality,187.4
2016-03-14,Air Quality,394.08000000000004
2016-03-15,Air Quality,157.0
2016-03-16,Air Quality,282.71999999999997
2016-03-17,Air Quality,312.84000000000003
2016-03-18,Air Quality,309.82
2016-03-19,Air Quality,228.4
2016-03-20,Air Quality,216.4
2016-03-21,Air Quality,276.12
2016-03-22,Air Quality,115.06000000000002
2016-03-23,Air Quality,167.56
2016-03-24,Air Quality,265.68
2016-03-25,Air Quality,374.8
2016-03-26,Air Quality,179.3
2016-03-27,Air Quality,284.28000000000003
2016-03-28,Air Quality,236.6
2016-03-29,Air Quality,307.84000000000003
2016-03-30,Air Quality,207.45999999999998
2016-03-31,Air Quality,223.04000000000002
2016-04-01,Air Quality,196.07999999999998
2016-04-02,Air Quality,181.98
2016-04-03,Air Quality,244.72000000000003
2016-04-04,Air Quality,208.51999999999998
2016-04-05,Air Quality,225.2
2016-04-06,Air Quality,186.98
2016-04-07,Air Quality,200.34
2016-04-08,Air Quality,245.18
2016-04-09,Air Quality,206.42
2016-04-10,Air Quality,247.74
2016-04-11,Air Quality,304.65999999999997
2016-04-12,Air Quality,248.16
2016-04-13,Air Quality,272.64
2016-04-14,Air Quality,263.74
2016-04-15,Air Quality,274.78000000000003
2016-04-16,Air Quality,255.38000000000002
2016-04-17,Air Quality,224.48000000000002
2016-04-18,Air Quality,217.78000000000003
2016-04-19,Air Quality,187.34
2016-04-20,Air Quality,328.56
2016-04-21,Air Quality,238.33999999999997
2016-04-22,Air Quality,151.66
2016-04-23,Air Quality,248.98000000000002
2016-04-24,Air Quality,277.36
2016-04-25,Air Quality,177.22
2016-04-26,Air Quality,194.5
2016-04-27,Air Quality,344.14
2016-04-28,Air Quality,334.0
2016-04-29,Air Quality,281.52
2016-04-30,Air Quality,303.08000000000004
2016-05-01,Air Quality,227.2
2016-05-02,Air Quality,206.01999999999998
2016-05-03,Air Quality,179.14000000000001
2016-05-04,Air Quality,168.04000000000002
2016-05-05,Air Quality,262.04
2016-05-06,Air Quality,377.1
2016-05-07,Air Quality,146.57999999999998
2016-05-08,Air Quality,266.26
2016-05-09,Air Quality,310.76
2016-05-10,Air Quality,172.54000000000002
2016-05-11,Air Quality,282.86
2016-05-12,Air Quality,230.48000000000002
2016-05-13,Air Quality,312.98
2016-05-14,Air Quality,225.04000000000002
2016-05-15,Air Quality,209.06
2016-05-16,Air Quality,180.95999999999998
2016-05-17,Air Quality,257.8
2016-05-18,Air Quality,280.34000000000003
2016-05-19,Air Quality,284.88
2016-05-20,Air Quality,237.24
2016-05-21,Air Quality,216.58
2016-05-22,Air Quality,215.8
2016-05-23,Air Quality,316.88
2016-05-24,Air Quality,356.18
2016-05-25,Air Quality,265.15999999999997
2016-05-26,Air Quality,334.91999999999996
2016-05-27,Air Quality,238.78000000000003
2016-05-28,Air Quality,368.82
2016-05-29,Air Quality,289.21999999999997
2016-05-30,Air Quality,243.82
2016-05-31,Air Quality,273.32
2016-06-01,Air Quality,281.6
2016-06-02,Air Quality,272.82000000000005
2016-06-03,Air Quality,301.86
2016-06-04,Air Quality,420.1
2016-06-05,Air Quality,311.38
2016-06-06,Air Quality,270.74
2016-06-07,Air Quality,289.91999999999996
2016-06-08,Air Quality,207.66
2016-06-09,Air Quality,275.52
2016-06-10,Air Quality,275.24
2016-06-11,Air Quality,273.52
2016-06-12,Air Quality,251.32
2016-06-13,Air Quality,359.1
2016-06-14,Air Quality,327.8
2016-06-15,Air Quality,273.28000000000003
2016-06-16,Air Quality,189.82
2016-06-17,Air Quality,97.86
2016-06-18,Air Quality,222.04000000000002
2016-06-19,Air Quality,198.34
2016-06-20,Air Quality,171.68
2016-06-21,Air Quality,289.48
2016-06-22,Air Quality,196.54000000000002
2016-06-23,Air Quality,169.76
2016-06-24,Air Quality,316.14
2016-06-25,Air Quality,176.45999999999998
2016-06-26,Air Quality,161.14000000000001
2016-06-27,Air Quality,215.68
2016-06-28,Air Quality,320.44
2016-06-29,Air Quality,282.08000000000004
2016-06-30,Air Quality,392.88
2016-07-01,Air Quality,245.8
2016-07-02,Air Quality,306.44
2016-07-03,Air Quality,317.44
2016-07-04,Air Quality,118.1
2016-07-05,Air Quality,318.06
2016-07-06,Air Quality,247.58
2016-07-07,Air Quality,254.88000000000002
2016-07-08,Air Quality,240.51999999999998
2016-07-09,Air Quality,193.71999999999997
2016-07-10,Air Quality,253.42
2016-07-11,Air Quality,237.76
2016-07-12,Air Quality,140.62
2016-07-13,Air Quality,226.18
2016-07-14,Air Quality,268.6
2016-07-15,Air Quality,328.5
2016-07-16,Air Quality,302.52
2016-07-17,Air Quality,197.07999999999998
2016-07-18,Air Quality,321.06
2016-07-19,Air Quality,273.56
2016-07-20,Air Quality,180.32
2016-07-21,Air Quality,255.2
2016-07-22,Air Quality,321.0
2016-07-23,Air Quality,243.94
2016-07-24,Air Quality,128.88
2016-07-25,Air Quality,329.88
2016-07-26,Air Quality,314.58000000000004
2016-07-27,Air Quality,258.12
2016-07-28,Air Quality,228.58
2016-07-29,Air Quality,274.88
2016-07-30,Air Quality,216.42000000000002
2016-07-31,Air Quality,142.28
2016-08-01,Air Quality,275.24
2016-08-02,Air Quality,162.68
2016-08-03,Air Quality,221.48000000000002
2016-08-04,Air Quality,115.34
2016-08-05,Air Quality,321.62
2016-08-06,Air Quality,285.71999999999997
2016-08-07,Air Quality,213.82
2016-08-08,Air Quality,299.24
2016-08-09,Air Quality,241.56
2016-08-10,Air Quality,329.98
2016-08-11,Air Quality,260.65999999999997
2016-08-12,Air Quality,430.62
2016-08-13,Air Quality,234.3
2016-08-14,Air Quality,173.6
2016-08-15,Air Quality,248.58
2016-08-16,Air Quality,216.0
2016-08-17,Air Quality,350.0
2016-08-18,Air Quality,344.64
2016-08-19,Air Quality,218.6
2016-08-20,Air Quality,307.76
2016-08-21,Air Quality,312.12
2016-08-22,Air Quality,226.95999999999998
2016-08-23,Air Quality,315.46
2016-08-24,Air Quality,205.71999999999997
2016-08-25,Air Quality,178.66
2016-08-26,Air Quality,342.94
2016-08-27,Air Quality,213.6
2016-08-28,Air Quality,304.34000000000003
2016-08-29,Air Quality,406.71999999999997
2016-08-30,Air Quality,126.11999999999998
2016-08-31,Air Quality,382.58000000000004
2016-09-01,Air Quality,240.26
2016-09-02,Air Quality,191.6
2016-09-03,Air Quality,357.74
2016-09-04,Air Quality,299.47999999999996
2016-09-05,Air Quality,126.24000000000001
2016-09-06,Air Quality,226.44
2016-09-07,Air Quality,320.71999999999997
2016-09-08,Air Quality,216.85999999999999
2016-09-09,Air Quality,230.16
2016-09-10,Air Quality,331.82
2016-09-11,Air Quality,188.24
2016-09-12,Air Quality,274.94
2016-09-13,Air Quality,250.88000000000002
2016-09-14,Air Quality,237.28000000000003
2016-09-15,Air Quality,206.28000000000003
2016-09-16,Air Quality,197.16
2016-09-17,Air Quality,331.1
2016-09-18,Air Quality,265.38
2016-09-19,Air Quality,251.4
2016-09-20,Air Quality,212.84
2016-09-21,Air Quality,146.9
2016-09-22,Air Quality,221.71999999999997
2016-09-23,Air Quality,198.84
2016-09-24,Air Quality,106.67999999999999
2016-09-25,Air Quality,186.32
2016-09-26,Air Quality,215.42
2016-09-27,Air Quality,374.6
2016-09-28,Air Quality,329.06
2016-09-29,Air Quality,276.46
2016-09-30,Air Quality,362.12
2016-10-01,Air Quality,234.32
2016-10-02,Air Quality,300.24
2016-10-03,Air Quality,232.58
2016-10-04,Air Quality,240.84
2016-10-05,Air Quality,238.61999999999998
2016-10-06,Air Quality,181.34
2016-10-07,Air Quality,287.98
2016-10-08,Air Quality,315.52
2016-10-09,Air Quality,217.01999999999998
2016-10-10,Air Quality,189.94
2016-10-11,Air Quality,186.92000000000002
2016-10-12,Air Quality,270.52
2016-10-13,Air Quality,210.12000000000003
2016-10-14,Air Quality,220.94
2016-10-15,Air Quality,246.86000000000004
2016-10-16,Air Quality,328.76
2016-10-17,Air Quality,336.2
2016-10-18,Air Quality,225.84
2016-10-19,Air Quality,139.38
2016-10-20,Air Quality,132.16
2016-10-21,Air Quality,285.54
2016-10-22,Air Quality,236.24
2016-10-23,Air Quality,213.44
2016-10-24,Air Quality,316.82000000000005
2016-10-25,Air Quality,370.24
2016-10-26,Air Quality,242.2
2016-10-27,Air Quality,407.2
2016-10-28,Air Quality,269.18
2016-10-29,Air Quality,284.98
2016-10-30,Air Quality,263.56
2016-10-31,Air Quality,322.52
2016-11-01,Air Quality,267.64
2016-11-02,Air Quality,264.62
2016-11-03,Air Quality,209.4
2016-11-04,Air Quality,193.18
2016-11-05,Air Quality,285.98
2016-11-06,Air Quality,324.44
2016-11-07,Air Quality,248.54000000000002
2016-11-08,Air Quality,294.46
2016-11-09,Air Quality,320.32
2016-11-10,Air Quality,281.98
2016-11-11,Air Quality,227.45999999999998
2016-11-12,Air Quality,210.1
2016-11-13,Air Quality,169.84
2016-11-14,Air Quality,306.97999999999996
2016-11-15,Air Quality,281.98
2016-11-16,Air Quality,197.82
2016-11-17,Air Quality,116.78
2016-11-18,Air Quality,294.68
2016-11-19,Air Quality,320.94
2016-11-20,Air Quality,128.64000000000001
2016-11-21,Air Quality,307.8
2016-11-22,Air Quality,162.24
2016-11-23,Air Quality,236.03999999999996
2016-11-24,Air Quality,156.94
2016-11-25,Air Quality,186.16
2016-11-26,Air Quality,172.82
2016-11-27,Air Quality,238.76
2016-11-28,Air Quality,140.42
2016-11-29,Air Quality,217.85999999999999
2016-11-30,Air Quality,352.64
2016-12-01,Air Quality,273.48
2016-12-02,Air Quality,244.66
2016-12-03,Air Quality,248.48000000000002
2016-12-04,Air Quality,257.58000000000004
2016-12-05,Air Quality,385.58000000000004
2016-12-06,Air Quality,205.78000000000003
2016-12-07,Air Quality,277.7
2016-12-08,Air Quality,162.22
2016-12-09,Air Quality,218.92
2016-12-10,Air Quality,317.38
2016-12-11,Air Quality,311.53999999999996
2016-12-12,Air Quality,237.01999999999998
2016-12-13,Air Quality,274.18
2016-12-14,Air Quality,263.0
2016-12-15,Air Quality,266.58000000000004
2016-12-16,Air Quality,270.36
2016-12-17,Air Quality,193.14000000000001
2016-12-18,Air Quality,182.18
2016-12-19,Air Quality,264.91999999999996
2016-12-20,Air Quality,202.54000000000002
2016-12-21,Air Quality,278.18
2016-12-22,Air Quality,224.21999999999997
2016-12-23,Air Quality,208.04000000000002
2016-12-24,Air Quality,295.84000000000003
2016-12-25,Air Quality,247.78000000000003
2016-12-26,Air Quality,296.71999999999997
2016-12-27,Air Quality,358.7
2016-12-28,Air Quality,264.71999999999997
2016-12-29,Air Quality,296.48
2016-12-30,Air Quality,123.42
2016-12-31,Air Quality,369.24
2017-01-01,Air Quality,325.78000000000003
2017-01-02,Air Quality,249.85999999999999
2017-01-03,Air Quality,257.54
2017-01-04,Air Quality,230.68
2017-01-05,Air Quality,173.14
2017-01-06,Air Quality,174.24
2017-01-07,Air Quality,305.76
2017-01-08,Air Quality,321.74
2017-01-09,Air Quality,252.6
2017-01-10,Air Quality,292.88
2017-01-11,Air Quality,311.4
2017-01-12,Air Quality,195.62
2017-01-13,Air Quality,195.92000000000002
2017-01-14,Air Quality,191.0
2017-01-15,Air Quality,256.68
2017-01-16,Air Quality,238.92
2017-01-17,Air Quality,306.1
2017-01-18,Air Quality,300.38
2017-01-19,Air Quality,173.1
2017-01-20,Air Quality,275.32
2017-01-21,Air Quality,240.36000000000004
2017-01-22,Air Quality,151.48
2017-01-23,Air Quality,299.3
2017-01-24,Air Quality,260.86
2017-01-25,Air Quality,196.3
2017-01-26,Air Quality,308.26000000000005
2017-01-27,Air Quality,274.96
2017-01-28,Air Quality,310.91999999999996
2017-01-29,Air Quality,388.6
2017-01-30,Air Quality,276.74
2017-01-31,Air Quality,264.44
2017-02-01,Air Quality,270.26
2017-02-02,Air Quality,281.76
2017-02-03,Air Quality,233.08
2017-02-04,Air Quality,186.92000000000002
2017-02-05,Air Quality,235.38000000000002
2017-02-06,Air Quality,201.28
2017-02-07,Air Quality,142.92000000000002
2017-02-08,Air Quality,287.91999999999996
2017-02-09,Air Quality,230.85999999999999
2017-02-10,Air Quality,250.94
2017-02-11,Air Quality,357.88
2017-02-12,Air Quality,182.92000000000002
2017-02-13,Air Quality,209.34
2017-02-14,Air Quality,282.12
2017-02-15,Air Quality,208.3
2017-02-16,Air Quality,281.52
2017-02-17,Air Quality,164.82
2017-02-18,Air Quality,144.62
2017-02-19,Air Quality,291.21999999999997
2017-02-20,Air Quality,264.65999999999997
2017-02-21,Air Quality,246.94
2017-02-22,Air Quality,235.18
2017-02-23,Air Quality,220.6
2017-02-24,Air Quality,260.94
2017-02-25,Air Quality,135.94
2017-02-26,Air Quality,156.72
2017-02-27,Air Quality,136.56
2017-02-28,Air Quality,303.73999999999995
2017-03-01,Air Quality,203.16
2017-03-02,Air Quality,317.04
2017-03-03,Air Quality,275.16
2017-03-04,Air Quality,325.16
2017-03-05,Air Quality,142.74
2017-03-06,Air Quality,339.82
2017-03-07,Air Quality,274.76
2017-03-08,Air Quality,271.56
2017-03-09,Air Quality,289.34000000000003
2017-03-10,Air Quality,259.91999999999996
2017-03-11,Air Quality,220.3
2017-03-12,Air Quality,375.96
2017-03-13,Air Quality,264.64
2017-03-14,Air Quality,311.82
2017-03-15,Air Quality,216.26
2017-03-16,Air Quality,236.44
2017-03-17,Air Quality,306.65999999999997
2017-03-18,Air Quality,254.92
2017-03-19,Air Quality,187.57999999999998
2017-03-20,Air Quality,183.07999999999998
2017-03-21,Air Quality,251.82
2017-03-22,Air Quality,368.18
2017-03-23,Air Quality,268.4
2017-03-24,Air Quality,184.3
2017-03-25,Air Quality,316.38
2017-03-26,Air Quality,259.41999999999996
2017-03-27,Air Quality,184.32
2017-03-28,Air Quality,217.61999999999998
2017-03-29,Air Quality,245.2
2017-03-30,Air Quality,303.12
2017-03-31,Air Quality,310.32
2017-04-01,Air Quality,239.38000000000002
2017-04-02,Air Quality,178.12
2017-04-03,Air Quality,285.76
2017-04-04,Air Quality,216.82
2017-04-05,Air Quality,247.01999999999998
2017-04-06,Air Quality,236.74
2017-04-07,Air Quality,249.02000000000004
2017-04-08,Air Quality,271.26
2017-04-09,Air Quality,290.41999999999996
2017-04-10,Air Quality,271.7
2017-04-11,Air Quality,59.779999999999994
2017-04-12,Air Quality,356.68
2017-04-13,Air Quality,197.83999999999997
2017-04-14,Air Quality,241.68
2017-04-15,Air Quality,264.12
2017-04-16,Air Quality,301.34000000000003
2017-04-17,Air Quality,368.58000000000004
2017-04-18,Air Quality,253.34
2017-04-19,Air Quality,270.6
2017-04-20,Air Quality,302.98
2017-04-21,Air Quality,344.12
2017-04-22,Air Quality,138.74
2017-04-23,Air Quality,230.3
2017-04-24,Air Quality,266.7
2017-04-25,Air Quality,298.12
2017-04-26,Air Quality,313.5
2017-04-27,Air Quality,228.84
2017-04-28,Air Quality,284.12
2017-04-29,Air Quality,312.71999999999997
2017-04-30,Air Quality,270.98
2017-05-01,Air Quality,265.62
2017-05-02,Air Quality,214.68
2017-05-03,Air Quality,254.35999999999999
2017-05-04,Air Quality,263.62
2017-05-05,Air Quality,255.0
2017-05-06,Air Quality,324.76
2017-05-07,Air Quality,300.36
2017-05-08,Air Quality,286.34000000000003
2017-05-09,Air Quality,310.34000000000003
2017-05-10,Air Quality,290.23999999999995
2017-05-11,Air Quality,216.98000000000002
2017-05-12,Air Quality,254.7
2017-05-13,Air Quality,220.94
2017-05-14,Air Quality,141.14
2017-05-15,Air Quality,361.52
2017-05-16,Air Quality,294.46
2017-05-17,Air Quality,341.44
2017-05-18,Air Quality,276.02
2017-05-19,Air Quality,91.1
2017-05-20,Air Quality,370.2
2017-05-21,Air Quality,290.26000000000005
2017-05-22,Air Quality,354.02
2017-05-23,Air Quality,251.44
2017-05-24,Air Quality,189.85999999999999
2017-05-25,Air Quality,230.26
2017-05-26,Air Quality,163.35999999999999
2017-05-27,Air Quality,266.54
2017-05-28,Air Quality,278.82
2017-05-29,Air Quality,340.96
2017-05-30,Air Quality,260.92
2017-05-31,Air Quality,286.68
2017-06-01,Air Quality,338.15999999999997
2017-06-02,Air Quality,328.94
2017-06-03,Air Quality,271.04
2017-06-04,Air Quality,200.82
2017-06-05,Air Quality,203.42000000000002
2017-06-06,Air Quality,253.16
2017-06-07,Air Quality,230.16
2017-06-08,Air Quality,297.98
2017-06-09,Air Quality,248.73999999999995
2017-06-10,Air Quality,217.78000000000003
2017-06-11,Air Quality,343.46
2017-06-12,Air Quality,344.38
2017-06-13,Air Quality,173.64000000000001
2017-06-14,Air Quality,239.01999999999998
2017-06-15,Air Quality,350.3
2017-06-16,Air Quality,312.78000000000003
2017-06-17,Air Quality,429.76000000000005
2017-06-18,Air Quality,159.26
2017-06-19,Air Quality,328.6
2017-06-20,Air Quality,284.88
2017-06-21,Air Quality,281.04
2017-06-22,Air Quality,289.91999999999996
2017-06-23,Air Quality,360.78000000000003
2017-06-24,Air Quality,191.71999999999997
2017-06-25,Air Quality,390.08000000000004
2017-06-26,Air Quality,338.6
2017-06-27,Air Quality,150.72
2017-06-28,Air Quality,120.46
2017-06-29,Air Quality,241.7
2017-06-30,Air Quality,171.61999999999998
2017-07-01,Air Quality,164.04
2017-07-02,Air Quality,288.58000000000004
2017-07-03,Air Quality,102.66000000000001
2017-07-04,Air Quality,293.86
2017-07-05,Air Quality,239.04000000000002
2017-07-06,Air Quality,335.44
2017-07-07,Air Quality,138.74
2017-07-08,Air Quality,250.56
2017-07-09,Air Quality,334.96
2017-07-10,Air Quality,224.24
2017-07-11,Air Quality,181.88
2017-07-12,Air Quality,177.84
2017-07-13,Air Quality,114.8
2017-07-14,Air Quality,221.35999999999999
2017-07-15,Air Quality,183.04000000000002
2017-07-16,Air Quality,166.57999999999998
2017-07-17,Air Quality,247.08
2017-07-18,Air Quality,234.01999999999998
2017-07-19,Air Quality,215.38000000000002
2017-07-20,Air Quality,122.16
2017-07-21,Air Quality,256.66
2017-07-22,Air Quality,164.38000000000002
2017-07-23,Air Quality,185.78
2017-07-24,Air Quality,216.88000000000002
2017-07-25,Air Quality,327.08000000000004
2017-07-26,Air Quality,232.24
2017-07-27,Air Quality,130.68
2017-07-28,Air Quality,193.24
2017-07-29,Air Quality,307.0
2017-07-30,Air Quality,350.14
2017-07-31,Air Quality,303.76
2017-08-01,Air Quality,278.96
2017-08-02,Air Quality,245.6
2017-08-03,Air Quality,271.64
2017-08-04,Air Quality,305.68
2017-08-05,Air Quality,121.28
2017-08-06,Air Quality,309.1
2017-08-07,Air Quality,94.36
2017-08-08,Air Quality,318.86
2017-08-09,Air Quality,346.26
2017-08-10,Air Quality,185.42
2017-08-11,Air Quality,237.53999999999996
2017-08-12,Air Quality,228.85999999999999
2017-08-13,Air Quality,207.08
2017-08-14,Air Quality,220.6
2017-08-15,Air Quality,263.8
2017-08-16,Air Quality,218.18
2017-08-17,Air Quality,255.0
2017-08-18,Air Quality,240.34
2017-08-19,Air Quality,256.36
2017-08-20,Air Quality,262.94
2017-08-21,Air Quality,310.48
2017-08-22,Air Quality,316.18
2017-08-23,Air Quality,198.84
2017-08-24,Air Quality,174.48
2017-08-25,Air Quality,238.2
2017-08-26,Air Quality,265.76
2017-08-27,Air Quality,227.24
2017-08-28,Air Quality,300.88
2017-08-29,Air Quality,225.04000000000002
2017-08-30,Air Quality,309.38
2017-08-31,Air Quality,261.41999999999996
2017-09-01,Air Quality,214.84
2017-09-02,Air Quality,112.9
2017-09-03,Air Quality,321.21999999999997
2017-09-04,Air Quality,143.92
2017-09-05,Air Quality,312.32
2017-09-06,Air Quality,348.21999999999997
2017-09-07,Air Quality,273.84000000000003
2017-09-08,Air Quality,300.93999999999994
2017-09-09,Air Quality,181.18
2017-09-10,Air Quality,318.41999999999996
2017-09-11,Air Quality,238.2
2017-09-12,Air Quality,303.08000000000004
2017-09-13,Air Quality,291.84000000000003
2017-09-14,Air Quality,196.26
2017-09-15,Air Quality,160.6
2017-09-16,Air Quality,151.57999999999998
2017-09-17,Air Quality,344.64
2017-09-18,Air Quality,237.66
2017-09-19,Air Quality,389.32
2017-09-20,Air Quality,257.5
2017-09-21,Air Quality,385.28000000000003
2017-09-22,Air Quality,285.48
2017-09-23,Air Quality,74.3
2017-09-24,Air Quality,203.12
2017-09-25,Air Quality,154.7
2017-09-26,Air Quality,164.45999999999998
2017-09-27,Air Quality,297.46
2017-09-28,Air Quality,146.02
2017-09-29,Air Quality,273.65999999999997
2017-09-30,Air Quality,249.6
2017-10-01,Air Quality,248.74
2017-10-02,Air Quality,251.02000000000004
2017-10-03,Air Quality,269.66
2017-10-04,Air Quality,263.71999999999997
2017-10-05,Air Quality,182.16
2017-10-06,Air Quality,261.73999999999995
2017-10-07,Air Quality,237.16
2017-10-08,Air Quality,251.84
2017-10-09,Air Quality,221.61999999999998
2017-10-10,Air Quality,236.38000000000002
2017-10-11,Air Quality,329.06
2017-10-12,Air Quality,292.88
2017-10-13,Air Quality,185.45999999999998
2017-10-14,Air Quality,224.66
2017-10-15,Air Quality,280.94
2017-10-16,Air Quality,269.04
2017-10-17,Air Quality,178.0
2017-10-18,Air Quality,241.76
2017-10-19,Air Quality,274.82
2017-10-20,Air Quality,353.04
2017-10-21,Air Quality,322.88
2017-10-22,Air Quality,152.56
2017-10-23,Air Quality,205.16
2017-10-24,Air Quality,197.92000000000002
2017-10-25,Air Quality,144.28
2017-10-26,Air Quality,213.34
2017-10-27,Air Quality,120.7
2017-10-28,Air Quality,182.02
2017-10-29,Air Quality,381.21999999999997
2017-10-30,Air Quality,269.58000000000004
2017-10-31,Air Quality,184.0
2017-11-01,Air Quality,222.61999999999998
2017-11-02,Air Quality,71.3
2017-11-03,Air Quality,212.3
2017-11-04,Air Quality,244.35999999999999
2017-11-05,Air Quality,264.4
2017-11-06,Air Quality,266.21999999999997
2017-11-07,Air Quality,198.24
2017-11-08,Air Quality,353.86
2017-11-09,Air Quality,280.12
2017-11-10,Air Quality,221.56
2017-11-11,Air Quality,331.58000000000004
2017-11-12,Air Quality,232.2
2017-11-13,Air Quality,226.9
2017-11-14,Air Quality,185.6
2017-11-15,Air Quality,191.76
2017-11-16,Air Quality,199.26
2017-11-17,Air Quality,275.8
2017-11-18,Air Quality,204.0
2017-11-19,Air Quality,246.34
2017-11-20,Air Quality,175.9
2017-11-21,Air Quality,451.9
2017-11-22,Air Quality,312.46
2017-11-23,Air Quality,266.56
2017-11-24,Air Quality,249.45999999999998
2017-11-25,Air Quality,257.98
2017-11-26,Air Quality,202.48
2017-11-27,Air Quality,284.12
2017-11-28,Air Quality,272.91999999999996
2017-11-29,Air Quality,344.9
2017-11-30,Air Quality,251.11999999999998
2017-12-01,Air Quality,237.71999999999997
2017-12-02,Air Quality,126.85999999999999
2017-12-03,Air Quality,222.44
2017-12-04,Air Quality,278.02
2017-12-05,Air Quality,344.71999999999997
2017-12-06,Air Quality,240.51999999999998
2017-12-07,Air Quality,406.96
2017-12-08,Air Quality,221.1
2017-12-09,Air Quality,249.7
2017-12-10,Air Quality,267.91999999999996
2017-12-11,Air Quality,263.88
2017-12-12,Air Quality,191.52
2017-12-13,Air Quality,257.78000000000003
2017-12-14,Air Quality,274.62
2017-12-15,Air Quality,197.98
2017-12-16,Air Quality,272.34000000000003
2017-12-17,Air Quality,282.86
2017-12-18,Air Quality,315.34000000000003
2017-12-19,Air Quality,249.7
2017-12-20,Air Quality,146.45999999999998
2017-12-21,Air Quality,291.48
2017-12-22,Air Quality,291.54
2017-12-23,Air Quality,300.1
2017-12-24,Air Quality,362.9
2017-12-25,Air Quality,173.2
2017-12-26,Air Quality,237.2
2017-12-27,Air Quality,192.48
2017-12-28,Air Quality,234.4
2017-12-29,Air Quality,358.96
2017-12-30,Air Quality,310.21999999999997
2017-12-31,Air Quality,211.85999999999999
2018-01-01,Air Quality,242.32
2018-01-02,Air Quality,255.95999999999998
2018-01-03,Air Quality,311.43999999999994
2018-01-04,Air Quality,268.15999999999997
2018-01-05,Air Quality,133.04000000000002
2018-01-06,Air Quality,229.0
2018-01-07,Air Quality,199.95999999999998
2018-01-08,Air Quality,365.3
2018-01-09,Air Quality,194.62
2018-01-10,Air Quality,206.61999999999998
2018-01-11,Air Quality,214.6
2018-01-12,Air Quality,255.28000000000003
2018-01-13,Air Quality,169.74
2018-01-14,Air Quality,128.3
2018-01-15,Air Quality,204.54000000000002
2018-01-16,Air Quality,261.4
2018-01-17,Air Quality,264.64
2018-01-18,Air Quality,277.64
2018-01-19,Air Quality,287.62
2018-01-20,Air Quality,289.21999999999997
2018-01-21,Air Quality,177.1
2018-01-22,Air Quality,204.23999999999998
2018-01-23,Air Quality,306.91999999999996
2018-01-24,Air Quality,248.54000000000002
2018-01-25,Air Quality,138.98
2018-01-26,Air Quality,269.34000000000003
2018-01-27,Air Quality,312.65999999999997
2018-01-28,Air Quality,225.61999999999998
2018-01-29,Air Quality,311.58000000000004
2018-01-30,Air Quality,316.5
2018-01-31,Air Quality,318.94
2018-02-01,Air Quality,258.12
2018-02-02,Air Quality,328.46
2018-02-03,Air Quality,129.98
2018-02-04,Air Quality,224.88000000000002
2018-02-05,Air Quality,199.24
2018-02-06,Air Quality,175.35999999999999
2018-02-07,Air Quality,305.71999999999997
2018-02-08,Air Quality,319.34000000000003
2018-02-09,Air Quality,307.98
2018-02-10,Air Quality,286.46
2018-02-11,Air Quality,276.4
2018-02-12,Air Quality,241.3
2018-02-13,Air Quality,173.70000000000002
2018-02-14,Air Quality,342.64
2018-02-15,Air Quality,318.12
2018-02-16,Air Quality,211.07999999999998
2018-02-17,Air Quality,324.48
2018-02-18,Air Quality,297.04
2018-02-19,Air Quality,142.44
2018-02-20,Air Quality,119.34
2018-02-21,Air Quality,274.48
2018-02-22,Air Quality,375.76
2018-02-23,Air Quality,294.17999999999995
2018-02-24,Air Quality,155.5
2018-02-25,Air Quality,294.34000000000003
2018-02-26,Air Quality,315.68
2018-02-27,Air Quality,218.26
2018-02-28,Air Quality,200.16
2018-03-01,Air Quality,291.8
2018-03-02,Air Quality,263.71999999999997
2018-03-03,Air Quality,292.74
2018-03-04,Air Quality,144.9
2018-03-05,Air Quality,166.45999999999998
2018-03-06,Air Quality,120.12
2018-03-07,Air Quality,162.02
2018-03-08,Air Quality,195.28000000000003
2018-03-09,Air Quality,249.5
2018-03-10,Air Quality,319.32
2018-03-11,Air Quality,175.06
2018-03-12,Air Quality,154.84
2018-03-13,Air Quality,328.76
2018-03-14,Air Quality,278.98
2018-03-15,Air Quality,191.95999999999998
2018-03-16,Air Quality,309.06
2018-03-17,Air Quality,245.44
2018-03-18,Air Quality,183.56
2018-03-19,Air Quality,99.8
2018-03-20,Air Quality,267.74
2018-03-21,Air Quality,304.02
2018-03-22,Air Quality,379.36
2018-03-23,Air Quality,323.48
2018-03-24,Air Quality,300.02
2018-03-25,Air Quality,206.8
2018-03-26,Air Quality,266.62
2018-03-27,Air Quality,267.52
2018-03-28,Air Quality,254.1
2018-03-29,Air Quality,189.64000000000001
2018-03-30,Air Quality,389.44
2018-03-31,Air Quality,375.21999999999997
2018-04-01,Air Quality,232.5
2018-04-02,Air Quality,179.34
2018-04-03,Air Quality,202.98
2018-04-04,Air Quality,183.98000000000002
2018-04-05,Air Quality,186.64
2018-04-06,Air Quality,389.14
2018-04-07,Air Quality,165.28
2018-04-08,Air Quality,347.26000000000005
2018-04-09,Air Quality,293.1
2018-04-10,Air Quality,291.86
2018-04-11,Air Quality,163.84
2018-04-12,Air Quality,214.88000000000002
2018-04-13,Air Quality,244.8
2018-04-14,Air Quality,310.24
2018-04-15,Air Quality,237.26
2018-04-16,Air Quality,274.88
2018-04-17,Air Quality,310.84000000000003
2018-04-18,Air Quality,235.45999999999998
2018-04-19,Air Quality,183.94
2018-04-20,Air Quality,262.41999999999996
2018-04-21,Air Quality,329.2
2018-04-22,Air Quality,287.26
2018-04-23,Air Quality,137.06
2018-04-24,Air Quality,157.94
2018-04-25,Air Quality,296.8
2018-04-26,Air Quality,308.38
2018-04-27,Air Quality,358.86
2018-04-28,Air Quality,312.58000000000004
2018-04-29,Air Quality,330.91999999999996
2018-04-30,Air Quality,227.32
2018-05-01,Air Quality,155.6
2018-05-02,Air Quality,234.1
2018-05-03,Air Quality,269.28000000000003
2018-05-04,Air Quality,129.54000000000002
2018-05-05,Air Quality,216.7
2018-05-06,Air Quality,296.12
2018-05-07,Air Quality,121.5
2018-05-08,Air Quality,209.92
2018-05-09,Air Quality,297.34000000000003
2018-05-10,Air Quality,275.84000000000003
2018-05-11,Air Quality,371.78000000000003
2018-05-12,Air Quality,312.41999999999996
2018-05-13,Air Quality,252.6
2018-05-14,Air Quality,198.76
2018-05-15,Air Quality,179.68
2018-05-16,Air Quality,273.0
2018-05-17,Air Quality,276.02
2018-05-18,Air Quality,297.5
2018-05-19,Air Quality,241.28000000000003
2018-05-20,Air Quality,198.22
2018-05-21,Air Quality,279.7
2018-05-22,Air Quality,236.94
2018-05-23,Air Quality,309.54
2018-05-24,Air Quality,402.02
2018-05-25,Air Quality,332.3
2018-05-26,Air Quality,230.58
2018-05-27,Air Quality,245.1
2018-05-28,Air Quality,185.94
2018-05-29,Air Quality,234.34
2018-05-30,Air Quality,229.5
2018-05-31,Air Quality,228.61999999999998
2018-06-01,Air Quality,241.71999999999997
2018-06-02,Air Quality,246.84
2018-06-03,Air Quality,291.68
2018-06-04,Air Quality,322.04
2018-06-05,Air Quality,422.44000000000005
2018-06-06,Air Quality,228.7
2018-06-07,Air Quality,245.58
2018-06-08,Air Quality,235.71999999999997
2018-06-09,Air Quality,346.62
2018-06-10,Air Quality,188.04000000000002
2018-06-11,Air Quality,294.46
2018-06-12,Air Quality,250.98000000000002
2018-06-13,Air Quality,319.48
2018-06-14,Air Quality,147.42
2018-06-15,Air Quality,343.91999999999996
2018-06-16,Air Quality,198.83999999999997
2018-06-17,Air Quality,386.2
2018-06-18,Air Quality,264.4
2018-06-19,Air Quality,298.97999999999996
2018-06-20,Air Quality,290.02
2018-06-21,Air Quality,232.82
2018-06-22,Air Quality,285.65999999999997
2018-06-23,Air Quality,288.46
2018-06-24,Air Quality,241.44
2018-06-25,Air Quality,236.98000000000002
2018-06-26,Air Quality,314.94
2018-06-27,Air Quality,242.68
2018-06-28,Air Quality,218.9
2018-06-29,Air Quality,372.46
2018-06-30,Air Quality,215.51999999999998
2018-07-01,Air Quality,156.57999999999998
2018-07-02,Air Quality,308.76
2018-07-03,Air Quality,241.8
2018-07-04,Air Quality,282.68
2018-07-05,Air Quality,203.76
2018-07-06,Air Quality,286.52
2018-07-07,Air Quality,239.2
2018-07-08,Air Quality,210.32
2018-07-09,Air Quality,249.23999999999995
2018-07-10,Air Quality,214.71999999999997
2018-07-11,Air Quality,245.71999999999997
2018-07-12,Air Quality,230.4
2018-07-13,Air Quality,253.71999999999997
2018-07-14,Air Quality,146.2
2018-07-15,Air Quality,190.76
2018-07-16,Air Quality,224.08
2018-07-17,Air Quality,244.2
2018-07-18,Air Quality,344.0
2018-07-19,Air Quality,357.41999999999996
2018-07-20,Air Quality,189.16000000000003
2018-07-21,Air Quality,234.14000000000001
2018-07-22,Air Quality,294.96
2018-07-23,Air Quality,257.5
2018-07-24,Air Quality,277.38
2018-07-25,Air Quality,198.8
2018-07-26,Air Quality,286.3
2018-07-27,Air Quality,227.56
2018-07-28,Air Quality,107.51999999999998
2018-07-29,Air Quality,282.44
2018-07-30,Air Quality,236.66
2018-07-31,Air Quality,319.52
2018-08-01,Air Quality,336.3
2018-08-02,Air Quality,170.95999999999998
2018-08-03,Air Quality,263.7
2018-08-04,Air Quality,310.38
2018-08-05,Air Quality,243.21999999999997
2018-08-06,Air Quality,217.0
2018-08-07,Air Quality,293.02
2018-08-08,Air Quality,435.68
2018-08-09,Air Quality,99.6
2018-08-10,Air Quality,125.33999999999999
2018-08-11,Air Quality,213.82
2018-08-12,Air Quality,250.6
2018-08-13,Air Quality,217.92
2018-08-14,Air Quality,181.18
2018-08-15,Air Quality,237.98000000000002
2018-08-16,Air Quality,230.94
2018-08-17,Air Quality,243.24
2018-08-18,Air Quality,211.74
2018-08-19,Air Quality,302.18
2018-08-20,Air Quality,308.84000000000003
2018-08-21,Air Quality,161.1
2018-08-22,Air Quality,261.15999999999997
2018-08-23,Air Quality,301.94
2018-08-24,Air Quality,116.67999999999999
2018-08-25,Air Quality,116.3
2018-08-26,Air Quality,318.48
2018-08-27,Air Quality,174.14000000000001
2018-08-28,Air Quality,169.68
2018-08-29,Air Quality,142.74
2018-08-30,Air Quality,259.1
2018-08-31,Air Quality,246.78000000000003
2018-09-01,Air Quality,246.88000000000002
2018-09-02,Air Quality,289.08000000000004
2018-09-03,Air Quality,316.3
2018-09-04,Air Quality,185.8
2018-09-05,Air Quality,136.57999999999998
2018-09-06,Air Quality,156.6
2018-09-07,Air Quality,191.72
2018-09-08,Air Quality,362.65999999999997
2018-09-09,Air Quality,306.23999999999995
2018-09-10,Air Quality,280.76
2018-09-11,Air Quality,253.2
2018-09-12,Air Quality,153.5
2018-09-13,Air Quality,227.84
2018-09-14,Air Quality,169.68
2018-09-15,Air Quality,229.83999999999997
2018-09-16,Air Quality,297.86
2018-09-17,Air Quality,215.28000000000003
2018-09-18,Air Quality,337.46
2018-09-19,Air Quality,296.1
2018-09-20,Air Quality,434.03999999999996
2018-09-21,Air Quality,195.0
2018-09-22,Air Quality,225.98000000000002
2018-09-23,Air Quality,265.78000000000003
2018-09-24,Air Quality,122.24000000000001
2018-09-25,Air Quality,256.71999999999997
2018-09-26,Air Quality,132.88000000000002
2018-09-27,Air Quality,293.6
2018-09-28,Air Quality,269.32
2018-09-29,Air Quality,275.18
2018-09-30,Air Quality,228.98000000000002
2018-10-01,Air Quality,195.94
2018-10-02,Air Quality,154.32
2018-10-03,Air Quality,126.67999999999999
2018-10-04,Air Quality,297.26
2018-10-05,Air Quality,212.94
2018-10-06,Air Quality,109.8
2018-10-07,Air Quality,166.06
2018-10-08,Air Quality,196.16
2018-10-09,Air Quality,220.0
2018-10-10,Air Quality,321.98
2018-10-11,Air Quality,160.84
2018-10-12,Air Quality,169.42000000000002
2018-10-13,Air Quality,270.36
2018-10-14,Air Quality,231.85999999999999
2018-10-15,Air Quality,373.65999999999997
2018-10-16,Air Quality,241.13999999999996
2018-10-17,Air Quality,316.64
2018-10-18,Air Quality,238.5
2018-10-19,Air Quality,335.54
2018-10-20,Air Quality,264.86
2018-10-21,Air Quality,175.3
2018-10-22,Air Quality,175.64000000000001
2018-10-23,Air Quality,177.78000000000003
2018-10-24,Air Quality,333.78000000000003
2018-10-25,Air Quality,178.16
2018-10-26,Air Quality,254.56
2018-10-27,Air Quality,212.0
2018-10-28,Air Quality,241.28000000000003
2018-10-29,Air Quality,251.44
2018-10-30,Air Quality,328.18
2018-10-31,Air Quality,392.66
2018-11-01,Air Quality,271.32
2018-11-02,Air Quality,227.18
2018-11-03,Air Quality,289.2
2018-11-04,Air Quality,305.2
2018-11-05,Air Quality,291.14
2018-11-06,Air Quality,194.66
2018-11-07,Air Quality,346.21999999999997
2018-11-08,Air Quality,334.1
2018-11-09,Air Quality,192.34
2018-11-10,Air Quality,216.66
2018-11-11,Air Quality,197.94
2018-11-12,Air Quality,186.1
2018-11-13,Air Quality,177.54000000000002
2018-11-14,Air Quality,226.8
2018-11-15,Air Quality,186.95999999999998
2018-11-16,Air Quality,289.28000000000003
2018-11-17,Air Quality,364.56
2018-11-18,Air Quality,294.58000000000004
2018-11-19,Air Quality,222.82
2018-11-20,Air Quality,221.16
2018-11-21,Air Quality,155.0
2018-11-22,Air Quality,186.3
2018-11-23,Air Quality,227.66
2018-11-24,Air Quality,97.76
2018-11-25,Air Quality,310.26
2018-11-26,Air Quality,245.68
2018-11-27,Air Quality,136.98
2018-11-28,Air Quality,183.2
2018-11-29,Air Quality,187.73999999999998
2018-11-30,Air Quality,190.76
2018-12-01,Air Quality,319.26
2018-12-02,Air Quality,307.1
2018-12-03,Air Quality,298.91999999999996
2018-12-04,Air Quality,351.58000000000004
2018-12-05,Air Quality,206.92
2018-12-06,Air Quality,256.26
2018-12-07,Air Quality,164.8
2018-12-08,Air Quality,294.68
2018-12-09,Air Quality,367.74
2018-12-10,Air Quality,191.02
2018-12-11,Air Quality,232.6
2018-12-12,Air Quality,306.34000000000003
2018-12-13,Air Quality,270.9
2018-12-14,Air Quality,156.35999999999999
2018-12-15,Air Quality,195.64
2018-12-16,Air Quality,254.44
2018-12-17,Air Quality,188.38000000000002
2018-12-18,Air Quality,109.85999999999999
2018-12-19,Air Quality,203.28
2018-12-20,Air Quality,242.95999999999998
2018-12-21,Air Quality,315.96
2018-12-22,Air Quality,261.41999999999996
2018-12-23,Air Quality,232.64000000000001
2018-12-24,Air Quality,321.5
2018-12-25,Air Quality,194.28
2018-12-26,Air Quality,144.94
2018-12-27,Air Quality,144.4
2018-12-28,Air Quality,226.88000000000002
2018-12-29,Air Quality,280.82
2018-12-30,Air Quality,221.78000000000003
2018-12-31,Air Quality,311.4
2019-01-01,Air Quality,235.17999999999998
2019-01-02,Air Quality,346.3
2019-01-03,Air Quality,331.62
2019-01-04,Air Quality,389.94
2019-01-05,Air Quality,254.6
2019-01-06,Air Quality,193.48
2019-01-07,Air Quality,121.5
2019-01-08,Air Quality,319.98
2019-01-09,Air Quality,201.24
2019-01-10,Air Quality,322.78000000000003
2019-01-11,Air Quality,233.84
2019-01-12,Air Quality,237.35999999999999
2019-01-13,Air Quality,265.18
2019-01-14,Air Quality,307.56
2019-01-15,Air Quality,238.16
2019-01-16,Air Quality,229.16
2019-01-17,Air Quality,294.52
2019-01-18,Air Quality,172.07999999999998
2019-01-19,Air Quality,284.5
2019-01-20,Air Quality,166.24
2019-01-21,Air Quality,323.3
2019-01-22,Air Quality,288.68
2019-01-23,Air Quality,289.34000000000003
2019-01-24,Air Quality,242.26
2019-01-25,Air Quality,171.92
2019-01-26,Air Quality,335.2
2019-01-27,Air Quality,283.91999999999996
2019-01-28,Air Quality,113.76000000000002
2019-01-29,Air Quality,135.11999999999998
2019-01-30,Air Quality,264.18
2019-01-31,Air Quality,251.7
2019-02-01,Air Quality,268.28000000000003
2019-02-02,Air Quality,199.71999999999997
2019-02-03,Air Quality,286.0
2019-02-04,Air Quality,242.44
2019-02-05,Air Quality,238.76
2019-02-06,Air Quality,359.71999999999997
2019-02-07,Air Quality,193.64000000000001
2019-02-08,Air Quality,278.12
2019-02-09,Air Quality,278.65999999999997
2019-02-10,Air Quality,236.56000000000003
2019-02-11,Air Quality,297.14
2019-02-12,Air Quality,325.52
2019-02-13,Air Quality,310.56
2019-02-14,Air Quality,206.26
2019-02-15,Air Quality,210.48000000000002
2019-02-16,Air Quality,326.71999999999997
2019-02-17,Air Quality,299.12
2019-02-18,Air Quality,188.4
2019-02-19,Air Quality,230.2
2019-02-20,Air Quality,213.24
2019-02-21,Air Quality,294.96
2019-02-22,Air Quality,228.9
2019-02-23,Air Quality,249.61999999999998
2019-02-24,Air Quality,307.34
2019-02-25,Air Quality,122.58
2019-02-26,Air Quality,197.11999999999998
2019-02-27,Air Quality,360.56
2019-02-28,Air Quality,189.23999999999998
2019-03-01,Air Quality,347.9
2019-03-02,Air Quality,213.71999999999997
2019-03-03,Air Quality,364.8
2019-03-04,Air Quality,215.04000000000002
2019-03-05,Air Quality,322.5
2019-03-06,Air Quality,153.62
2019-03-07,Air Quality,217.28000000000003
2019-03-08,Air Quality,164.76
2019-03-09,Air Quality,278.98
2019-03-10,Air Quality,267.18
2019-03-11,Air Quality,348.7
2019-03-12,Air Quality,327.86
2019-03-13,Air Quality,284.3
2019-03-14,Air Quality,267.0
2019-03-15,Air Quality,234.51999999999998
2019-03-16,Air Quality,299.84
2019-03-17,Air Quality,264.28000000000003
2019-03-18,Air Quality,308.86
2019-03-19,Air Quality,322.21999999999997
2019-03-20,Air Quality,213.21999999999997
2019-03-21,Air Quality,152.24
2019-03-22,Air Quality,242.61999999999998
2019-03-23,Air Quality,323.36
2019-03-24,Air Quality,358.4
2019-03-25,Air Quality,195.72
2019-03-26,Air Quality,232.16
2019-03-27,Air Quality,277.46
2019-03-28,Air Quality,281.02
2019-03-29,Air Quality,357.52
2019-03-30,Air Quality,208.51999999999998
2019-03-31,Air Quality,209.8
2019-04-01,Air Quality,238.56
2019-04-02,Air Quality,186.78
2019-04-03,Air Quality,404.82
2019-04-04,Air Quality,328.15999999999997
2019-04-05,Air Quality,316.56
2019-04-06,Air Quality,299.7
2019-04-07,Air Quality,304.88
2019-04-08,Air Quality,173.0
2019-04-09,Air Quality,252.56
2019-04-10,Air Quality,220.44
2019-04-11,Air Quality,126.38
2019-04-12,Air Quality,240.16
2019-04-13,Air Quality,229.98000000000002
2019-04-14,Air Quality,310.26
2019-04-15,Air Quality,437.34
2019-04-16,Air Quality,246.44
2019-04-17,Air Quality,417.38
2019-04-18,Air Quality,215.5
2019-04-19,Air Quality,335.08000000000004
2019-04-20,Air Quality,207.01999999999998
2019-04-21,Air Quality,316.44
2019-04-22,Air Quality,216.76
2019-04-23,Air Quality,206.56
2019-04-24,Air Quality,319.48
2019-04-25,Air Quality,226.58
2019-04-26,Air Quality,218.98000000000002
2019-04-27,Air Quality,268.76000000000005
2019-04-28,Air Quality,299.8
2019-04-29,Air Quality,242.35999999999999
2019-04-30,Air Quality,317.38
2019-05-01,Air Quality,283.96
2019-05-02,Air Quality,164.54000000000002
2019-05-03,Air Quality,261.64
2019-05-04,Air Quality,181.5
2019-05-05,Air Quality,207.82
2019-05-06,Air Quality,266.71999999999997
2019-05-07,Air Quality,345.2
2019-05-08,Air Quality,235.7
2019-05-09,Air Quality,289.82
2019-05-10,Air Quality,317.1
2019-05-11,Air Quality,307.9
2019-05-12,Air Quality,294.38
2019-05-13,Air Quality,317.86
2019-05-14,Air Quality,118.53999999999999
2019-05-15,Air Quality,269.32
2019-05-16,Air Quality,235.74
2019-05-17,Air Quality,212.56
2019-05-18,Air Quality,271.32
2019-05-19,Air Quality,303.74
2019-05-20,Air Quality,282.71999999999997
2019-05-21,Air Quality,256.14
2019-05-22,Air Quality,269.8
2019-05-23,Air Quality,250.21999999999997
2019-05-24,Air Quality,212.1
2019-05-25,Air Quality,305.21999999999997
2019-05-26,Air Quality,288.56
2019-05-27,Air Quality,177.56
2019-05-28,Air Quality,248.94
2019-05-29,Air Quality,310.48
2019-05-30,Air Quality,100.04
2019-05-31,Air Quality,193.02
2019-06-01,Air Quality,311.41999999999996
2019-06-02,Air Quality,280.36
2019-06-03,Air Quality,217.2
2019-06-04,Air Quality,273.28000000000003
2019-06-05,Air Quality,259.76
2019-06-06,Air Quality,251.85999999999999
2019-06-07,Air Quality,343.58000000000004
2019-06-08,Air Quality,374.5
2019-06-09,Air Quality,132.85999999999999
2019-06-10,Air Quality,240.08
2019-06-11,Air Quality,266.58000000000004
2019-06-12,Air Quality,162.35999999999999
2019-06-13,Air Quality,319.34000000000003
2019-06-14,Air Quality,291.46
2019-06-15,Air Quality,254.01999999999998
2019-06-16,Air Quality,219.2
2019-06-17,Air Quality,308.21999999999997
2019-06-18,Air Quality,192.94
2019-06-19,Air Quality,169.02
2019-06-20,Air Quality,92.2
2019-06-21,Air Quality,136.14000000000001
2019-06-22,Air Quality,270.26
2019-06-23,Air Quality,140.1
2019-06-24,Air Quality,392.52000000000004
2019-06-25,Air Quality,272.18
2019-06-26,Air Quality,182.26
2019-06-27,Air Quality,283.3
2019-06-28,Air Quality,220.24
2019-06-29,Air Quality,237.44
2019-06-30,Air Quality,225.22000000000003
2019-07-01,Air Quality,204.78
2019-07-02,Air Quality,352.08000000000004
2019-07-03,Air Quality,374.44
2019-07-04,Air Quality,251.58
2019-07-05,Air Quality,231.1
2019-07-06,Air Quality,230.11999999999998
2019-07-07,Air Quality,295.12
2019-07-08,Air Quality,321.62
2019-07-09,Air Quality,304.14
2019-07-10,Air Quality,346.84000000000003
2019-07-11,Air Quality,238.66
2019-07-12,Air Quality,216.52000000000004
2019-07-13,Air Quality,213.48000000000002
2019-07-14,Air Quality,259.7
2019-07-15,Air Quality,343.15999999999997
2019-07-16,Air Quality,130.38000000000002
2019-07-17,Air Quality,350.91999999999996
2019-07-18,Air Quality,191.74
2019-07-19,Air Quality,123.04
2019-07-20,Air Quality,112.28000000000002
2019-07-21,Air Quality,174.45999999999998
2019-07-22,Air Quality,194.94
2019-07-23,Air Quality,306.03999999999996
2019-07-24,Air Quality,326.28000000000003
2019-07-25,Air Quality,188.68
2019-07-26,Air Quality,200.66
2019-07-27,Air Quality,189.1
2019-07-28,Air Quality,291.8
2019-07-29,Air Quality,352.0
2019-07-30,Air Quality,278.42
2019-07-31,Air Quality,307.24
2019-08-01,Air Quality,251.54000000000002
2019-08-02,Air Quality,393.41999999999996
2019-08-03,Air Quality,282.44
2019-08-04,Air Quality,283.71999999999997
2019-08-05,Air Quality,268.26
2019-08-06,Air Quality,224.04000000000002
2019-08-07,Air Quality,159.07999999999998
2019-08-08,Air Quality,239.64000000000001
2019-08-09,Air Quality,291.38
2019-08-10,Air Quality,357.56
2019-08-11,Air Quality,310.06
2019-08-12,Air Quality,247.88000000000002
2019-08-13,Air Quality,156.94
2019-08-14,Air Quality,225.82
2019-08-15,Air Quality,169.92000000000002
2019-08-16,Air Quality,202.08
2019-08-17,Air Quality,186.42
2019-08-18,Air Quality,253.4
2019-08-19,Air Quality,186.85999999999999
2019-08-20,Air Quality,169.48
2019-08-21,Air Quality,307.5
2019-08-22,Air Quality,227.94
2019-08-23,Air Quality,187.42000000000002
2019-08-24,Air Quality,254.92000000000002
2019-08-25,Air Quality,333.86
2019-08-26,Air Quality,350.7
2019-08-27,Air Quality,438.02
2019-08-28,Air Quality,257.44
2019-08-29,Air Quality,231.32
2019-08-30,Air Quality,290.18
2019-08-31,Air Quality,253.68
2019-09-01,Air Quality,348.34000000000003
2019-09-02,Air Quality,206.32
2019-09-03,Air Quality,276.65999999999997
2019-09-04,Air Quality,245.95999999999998
2019-09-05,Air Quality,330.78
2019-09-06,Air Quality,253.92
2019-09-07,Air Quality,288.86
2019-09-08,Air Quality,185.54000000000002
2019-09-09,Air Quality,401.18
2019-09-10,Air Quality,205.78000000000003
2019-09-11,Air Quality,353.0
2019-09-12,Air Quality,283.38
2019-09-13,Air Quality,109.96
2019-09-14,Air Quality,283.54
2019-09-15,Air Quality,248.66
2019-09-16,Air Quality,363.9
2019-09-17,Air Quality,246.56
2019-09-18,Air Quality,190.48
2019-09-19,Air Quality,268.0
2019-09-20,Air Quality,236.56
2019-09-21,Air Quality,228.04000000000002
2019-09-22,Air Quality,324.4
2019-09-23,Air Quality,254.6
2019-09-24,Air Quality,209.95999999999998
2019-09-25,Air Quality,311.62
2019-09-26,Air Quality,179.26
2019-09-27,Air Quality,226.58
2019-09-28,Air Quality,219.45999999999998
2019-09-29,Air Quality,194.56
2019-09-30,Air Quality,227.45999999999998
2019-10-01,Air Quality,209.32
2019-10-02,Air Quality,256.7
2019-10-03,Air Quality,206.58
2019-10-04,Air Quality,331.66
2019-10-05,Air Quality,200.34
2019-10-06,Air Quality,229.42
2019-10-07,Air Quality,209.56
2019-10-08,Air Quality,287.6
2019-10-09,Air Quality,313.5
2019-10-10,Air Quality,266.84000000000003
2019-10-11,Air Quality,319.82
2019-10-12,Air Quality,211.66
2019-10-13,Air Quality,307.91999999999996
2019-10-14,Air Quality,266.15999999999997
2019-10-15,Air Quality,277.76
2019-10-16,Air Quality,292.86
2019-10-17,Air Quality,365.76
2019-10-18,Air Quality,173.84
2019-10-19,Air Quality,290.94
2019-10-20,Air Quality,239.06
2019-10-21,Air Quality,212.44
2019-10-22,Air Quality,310.8
2019-10-23,Air Quality,273.5
2019-10-24,Air Quality,224.1
2019-10-25,Air Quality,278.74
2019-10-26,Air Quality,123.92
2019-10-27,Air Quality,320.1
2019-10-28,Air Quality,361.2
2019-10-29,Air Quality,209.32
2019-10-30,Air Quality,303.34000000000003
2019-10-31,Air Quality,296.15999999999997
2019-11-01,Air Quality,246.08
2019-11-02,Air Quality,239.7
2019-11-03,Air Quality,324.65999999999997
2019-11-04,Air Quality,327.03999999999996
2019-11-05,Air Quality,304.04
2019-11-06,Air Quality,331.36
2019-11-07,Air Quality,233.35999999999999
2019-11-08,Air Quality,253.74
2019-11-09,Air Quality,238.0
2019-11-10,Air Quality,203.06
2019-11-11,Air Quality,97.98
2019-11-12,Air Quality,176.92000000000002
2019-11-13,Air Quality,261.02
2019-11-14,Air Quality,236.34
2019-11-15,Air Quality,108.58
2019-11-16,Air Quality,217.24
2019-11-17,Air Quality,226.08
2019-11-18,Air Quality,199.06
2019-11-19,Air Quality,270.44
2019-11-20,Air Quality,226.18
2019-11-21,Air Quality,273.14
2019-11-22,Air Quality,365.76
2019-11-23,Air Quality,262.54
2019-11-24,Air Quality,223.08
2019-11-25,Air Quality,206.98000000000002
2019-11-26,Air Quality,230.35999999999999
2019-11-27,Air Quality,192.88000000000002
2019-11-28,Air Quality,180.74
2019-11-29,Air Quality,236.18
2019-11-30,Air Quality,258.08000000000004
2019-12-01,Air Quality,221.24
2019-12-02,Air Quality,386.0
2019-12-03,Air Quality,172.74
2019-12-04,Air Quality,124.05999999999999
2019-12-05,Air Quality,340.15999999999997
2019-12-06,Air Quality,219.42000000000002
2019-12-07,Air Quality,137.08
2019-12-08,Air Quality,362.9
2019-12-09,Air Quality,337.4
2019-12-10,Air Quality,290.48
2019-12-11,Air Quality,256.64
2019-12-12,Air Quality,277.7
2019-12-13,Air Quality,335.6
2019-12-14,Air Quality,288.94
2019-12-15,Air Quality,320.5
2019-12-16,Air Quality,129.7
2019-12-17,Air Quality,254.42
2019-12-18,Air Quality,295.34000000000003
2019-12-19,Air Quality,326.94
2019-12-20,Air Quality,301.32
2019-12-21,Air Quality,276.48
2019-12-22,Air Quality,296.96
2019-12-23,Air Quality,217.6
2019-12-24,Air Quality,227.56
2019-12-25,Air Quality,153.26
2019-12-26,Air Quality,170.54000000000002
2019-12-27,Air Quality,243.88000000000002
2019-12-28,Air Quality,237.48000000000002
2019-12-29,Air Quality,269.56
2019-12-30,Air Quality,174.07999999999998
2019-12-31,Air Quality,202.62
2020-01-01,Air Quality,348.58000000000004
2020-01-02,Air Quality,390.28
2020-01-03,Air Quality,355.56
2020-01-04,Air Quality,261.74
2020-01-05,Air Quality,226.26
2020-01-06,Air Quality,323.76000000000005
2020-01-07,Air Quality,257.78000000000003
2020-01-08,Air Quality,254.58
2020-01-09,Air Quality,76.46000000000001
2020-01-10,Air Quality,227.27999999999997
2020-01-11,Air Quality,354.94
2020-01-12,Air Quality,140.06
2020-01-13,Air Quality,291.4
2020-01-14,Air Quality,220.04000000000002
2020-01-15,Air Quality,319.3
2020-01-16,Air Quality,318.36
2020-01-17,Air Quality,317.5
2020-01-18,Air Quality,200.3
2020-01-19,Air Quality,180.54000000000002
2020-01-20,Air Quality,436.86
2020-01-21,Air Quality,164.0
2020-01-22,Air Quality,191.92000000000002
2020-01-23,Air Quality,386.34000000000003
2020-01-24,Air Quality,182.14000000000001
2020-01-25,Air Quality,375.6
2020-01-26,Air Quality,219.68
2020-01-27,Air Quality,198.16
2020-01-28,Air Quality,162.82
2020-01-29,Air Quality,236.21999999999997
2020-01-30,Air Quality,341.02
2020-01-31,Air Quality,282.02
2020-02-01,Air Quality,275.18
2020-02-02,Air Quality,214.56
2020-02-03,Air Quality,323.76
2020-02-04,Air Quality,225.14000000000001
2020-02-05,Air Quality,275.68
2020-02-06,Air Quality,324.1
2020-02-07,Air Quality,337.64
2020-02-08,Air Quality,176.5
2020-02-09,Air Quality,226.26
2020-02-10,Air Quality,237.95999999999998
2020-02-11,Air Quality,257.84
2020-02-12,Air Quality,219.85999999999999
2020-02-13,Air Quality,152.07999999999998
2020-02-14,Air Quality,121.62
2020-02-15,Air Quality,209.8
2020-02-16,Air Quality,201.8
2020-02-17,Air Quality,408.24
2020-02-18,Air Quality,368.8
2020-02-19,Air Quality,147.74
2020-02-20,Air Quality,322.44
2020-02-21,Air Quality,189.57999999999998
2020-02-22,Air Quality,213.24
2020-02-23,Air Quality,180.76
2020-02-24,Air Quality,349.65999999999997
2020-02-25,Air Quality,339.76
2020-02-26,Air Quality,309.34000000000003
2020-02-27,Air Quality,327.15999999999997
2020-02-28,Air Quality,284.26
2020-02-29,Air Quality,262.84000000000003
2020-03-01,Air Quality,173.16
2020-03-02,Air Quality,265.7
2020-03-03,Air Quality,276.38
2020-03-04,Air Quality,186.32
2020-03-05,Air Quality,222.4
2020-03-06,Air Quality,308.46
2020-03-07,Air Quality,114.73999999999998
2020-03-08,Air Quality,307.18
2020-03-09,Air Quality,161.86
2020-03-10,Air Quality,256.56
2020-03-11,Air Quality,190.04000000000002
2020-03-12,Air Quality,176.54
2020-03-13,Air Quality,295.44
2020-03-14,Air Quality,301.67999999999995
2020-03-15,Air Quality,147.6
2020-03-16,Air Quality,225.1
2020-03-17,Air Quality,285.7
2020-03-18,Air Quality,247.68
2020-03-19,Air Quality,199.0
2020-03-20,Air Quality,320.88
2020-03-21,Air Quality,244.51999999999998
2020-03-22,Air Quality,211.6
2020-03-23,Air Quality,215.74
2020-03-24,Air Quality,192.48000000000002
2020-03-25,Air Quality,291.04
2020-03-26,Air Quality,240.94
2020-03-27,Air Quality,189.14000000000001
2020-03-28,Air Quality,161.3
2020-03-29,Air Quality,190.8
2020-03-30,Air Quality,267.8
2020-03-31,Air Quality,267.38
2020-04-01,Air Quality,198.18
2020-04-02,Air Quality,276.26
2020-04-03,Air Quality,231.56
2020-04-04,Air Quality,220.2
2020-04-05,Air Quality,239.66
2020-04-06,Air Quality,228.45999999999998
2020-04-07,Air Quality,107.25999999999999
2020-04-08,Air Quality,235.56
2020-04-09,Air Quality,161.34
2020-04-10,Air Quality,197.8
2020-04-11,Air Quality,218.85999999999999
2020-04-12,Air Quality,156.22
2020-04-13,Air Quality,315.3
2020-04-14,Air Quality,376.18
2020-04-15,Air Quality,171.0
2020-04-16,Air Quality,144.2
2020-04-17,Air Quality,316.67999999999995
2020-04-18,Air Quality,294.02
2020-04-19,Air Quality,206.66
2020-04-20,Air Quality,365.8
2020-04-21,Air Quality,299.96
2020-04-22,Air Quality,266.41999999999996
2020-04-23,Air Quality,181.38
2020-04-24,Air Quality,359.1
2020-04-25,Air Quality,101.97999999999999
2020-04-26,Air Quality,372.15999999999997
2020-04-27,Air Quality,226.6
2020-04-28,Air Quality,264.24
2020-04-29,Air Quality,293.56
2020-04-30,Air Quality,198.8
2020-05-01,Air Quality,161.7
2020-05-02,Air Quality,157.02
2020-05-03,Air Quality,268.76
2020-05-04,Air Quality,135.68
2020-05-05,Air Quality,333.64
2020-05-06,Air Quality,360.8
2020-05-07,Air Quality,343.96000000000004
2020-05-08,Air Quality,281.26
2020-05-09,Air Quality,221.61999999999998
2020-05-10,Air Quality,340.08000000000004
2020-05-11,Air Quality,238.06
2020-05-12,Air Quality,300.32
2020-05-13,Air Quality,224.24
2020-05-14,Air Quality,138.56
2020-05-15,Air Quality,198.7
2020-05-16,Air Quality,257.52
2020-05-17,Air Quality,236.18
2020-05-18,Air Quality,266.68
2020-05-19,Air Quality,138.52
2020-05-20,Air Quality,302.62
2020-05-21,Air Quality,284.21999999999997
2020-05-22,Air Quality,240.2
2020-05-23,Air Quality,344.3
2020-05-24,Air Quality,223.51999999999998
2020-05-25,Air Quality,198.54000000000002
2020-05-26,Air Quality,305.28000000000003
2020-05-27,Air Quality,285.71999999999997
2020-05-28,Air Quality,260.5
2020-05-29,Air Quality,240.84
2020-05-30,Air Quality,222.18
2020-05-31,Air Quality,172.38
2020-06-01,Air Quality,158.16
2020-06-02,Air Quality,306.24
2020-06-03,Air Quality,224.8
2020-06-04,Air Quality,274.28
2020-06-05,Air Quality,129.5
2020-06-06,Air Quality,355.12
2020-06-07,Air Quality,226.08
2020-06-08,Air Quality,271.6
2020-06-09,Air Quality,156.48
2020-06-10,Air Quality,141.07999999999998
2020-06-11,Air Quality,230.08
2020-06-12,Air Quality,201.33999999999997
2020-06-13,Air Quality,296.28000000000003
2020-06-14,Air Quality,256.08000000000004
2020-06-15,Air Quality,185.48
2020-06-16,Air Quality,167.14000000000001
2020-06-17,Air Quality,116.41999999999999
2020-06-18,Air Quality,220.06
2020-06-19,Air Quality,195.48
2020-06-20,Air Quality,276.71999999999997
2020-06-21,Air Quality,189.85999999999999
2020-06-22,Air Quality,186.11999999999998
2020-06-23,Air Quality,283.04
2020-06-24,Air Quality,243.14000000000001
2020-06-25,Air Quality,235.11999999999998
2020-06-26,Air Quality,255.42
2020-06-27,Air Quality,186.32
2020-06-28,Air Quality,213.48000000000002
2020-06-29,Air Quality,254.48000000000002
2020-06-30,Air Quality,286.78000000000003
2020-07-01,Air Quality,181.24
2020-07-02,Air Quality,141.56
2020-07-03,Air Quality,198.8
2020-07-04,Air Quality,242.21999999999997
2020-07-05,Air Quality,290.6
2020-07-06,Air Quality,232.54000000000002
2020-07-07,Air Quality,346.44
2020-07-08,Air Quality,229.95999999999998
2020-07-09,Air Quality,205.3
2020-07-10,Air Quality,202.07999999999998
2020-07-11,Air Quality,353.2
2020-07-12,Air Quality,282.65999999999997
2020-07-13,Air Quality,347.3
2020-07-14,Air Quality,182.5
2020-07-15,Air Quality,239.82
2020-07-16,Air Quality,232.58
2020-07-17,Air Quality,257.94
2020-07-18,Air Quality,178.18
2020-07-19,Air Quality,276.34000000000003
2020-07-20,Air Quality,151.95999999999998
2020-07-21,Air Quality,233.04000000000002
2020-07-22,Air Quality,237.74
2020-07-23,Air Quality,258.21999999999997
2020-07-24,Air Quality,187.54000000000002
2020-07-25,Air Quality,241.44
2020-07-26,Air Quality,233.88000000000002
2020-07-27,Air Quality,299.91999999999996
2020-07-28,Air Quality,212.45999999999998
2020-07-29,Air Quality,285.3
2020-07-30,Air Quality,268.24
2020-07-31,Air Quality,186.0
2020-08-01,Air Quality,348.06
2020-08-02,Air Quality,144.94
2020-08-03,Air Quality,261.26
2020-08-04,Air Quality,250.11999999999998
2020-08-05,Air Quality,281.94
2020-08-06,Air Quality,118.05999999999999
2020-08-07,Air Quality,206.21999999999997
2020-08-08,Air Quality,252.74
2020-08-09,Air Quality,228.76
2020-08-10,Air Quality,179.45999999999998
2020-08-11,Air Quality,252.26
2020-08-12,Air Quality,173.26
2020-08-13,Air Quality,185.14000000000001
2020-08-14,Air Quality,234.21999999999997
2020-08-15,Air Quality,313.86
2020-08-16,Air Quality,237.61999999999998
2020-08-17,Air Quality,267.14
2020-08-18,Air Quality,202.6
2020-08-19,Air Quality,284.46
2020-08-20,Air Quality,318.2
2020-08-21,Air Quality,366.44
2020-08-22,Air Quality,424.46000000000004
2020-08-23,Air Quality,216.84
2020-08-24,Air Quality,215.28000000000003
2020-08-25,Air Quality,293.78
2020-08-26,Air Quality,208.64000000000001
2020-08-27,Air Quality,139.74
2020-08-28,Air Quality,202.3
2020-08-29,Air Quality,290.82
2020-08-30,Air Quality,287.7
2020-08-31,Air Quality,349.38
2020-09-01,Air Quality,129.78
2020-09-02,Air Quality,261.46
2020-09-03,Air Quality,321.4
2020-09-04,Air Quality,195.78000000000003
2020-09-05,Air Quality,211.56
2020-09-06,Air Quality,389.34000000000003
2020-09-07,Air Quality,342.72
2020-09-08,Air Quality,302.04
2020-09-09,Air Quality,317.54
2020-09-10,Air Quality,221.11999999999998
2020-09-11,Air Quality,203.82
2020-09-12,Air Quality,298.5
2020-09-13,Air Quality,140.32
2020-09-14,Air Quality,253.42
2020-09-15,Air Quality,71.26
2020-09-16,Air Quality,317.26000000000005
2020-09-17,Air Quality,243.68
2020-09-18,Air Quality,394.62
2020-09-19,Air Quality,204.0
2020-09-20,Air Quality,242.11999999999998
2020-09-21,Air Quality,354.26
2020-09-22,Air Quality,215.7
2020-09-23,Air Quality,237.88000000000002
2020-09-24,Air Quality,280.84
2020-09-25,Air Quality,250.64000000000001
2020-09-26,Air Quality,201.72
2020-09-27,Air Quality,346.44
2020-09-28,Air Quality,244.1
2020-09-29,Air Quality,281.3
2020-09-30,Air Quality,133.38
2020-10-01,Air Quality,269.62
2020-10-02,Air Quality,321.0
2020-10-03,Air Quality,309.52
2020-10-04,Air Quality,169.1
2020-10-05,Air Quality,98.8
2020-10-06,Air Quality,239.56
2020-10-07,Air Quality,237.7
2020-10-08,Air Quality,268.9
2020-10-09,Air Quality,317.52
2020-10-10,Air Quality,245.94
2020-10-11,Air Quality,218.95999999999998
2020-10-12,Air Quality,276.2
2020-10-13,Air Quality,222.58
2020-10-14,Air Quality,275.21999999999997
2020-10-15,Air Quality,215.76
2020-10-16,Air Quality,307.88
2020-10-17,Air Quality,232.16
2020-10-18,Air Quality,362.86
2020-10-19,Air Quality,189.6
2020-10-20,Air Quality,258.52
2020-10-21,Air Quality,330.94
2020-10-22,Air Quality,312.1
2020-10-23,Air Quality,260.48
2020-10-24,Air Quality,329.96
2020-10-25,Air Quality,273.21999999999997
2020-10-26,Air Quality,260.06
2020-10-27,Air Quality,197.24
2020-10-28,Air Quality,244.64000000000001
2020-10-29,Air Quality,110.7
2020-10-30,Air Quality,155.14000000000001
2020-10-31,Air Quality,256.36
2020-11-01,Air Quality,211.84
2020-11-02,Air Quality,312.38
2020-11-03,Air Quality,210.78000000000003
2020-11-04,Air Quality,210.08
2020-11-05,Air Quality,364.41999999999996
2020-11-06,Air Quality,310.48
2020-11-07,Air Quality,190.02
2020-11-08,Air Quality,299.24
2020-11-09,Air Quality,180.62
2020-11-10,Air Quality,278.6
2020-11-11,Air Quality,167.12
2020-11-12,Air Quality,215.24
2020-11-13,Air Quality,172.26
2020-11-14,Air Quality,344.38
2020-11-15,Air Quality,239.94
2020-11-16,Air Quality,241.06
2020-11-17,Air Quality,192.85999999999999
2020-11-18,Air Quality,235.45999999999998
2020-11-19,Air Quality,292.98
2020-11-20,Air Quality,263.32
2020-11-21,Air Quality,381.2
2020-11-22,Air Quality,265.74
2020-11-23,Air Quality,187.61999999999998
2020-11-24,Air Quality,324.54
2020-11-25,Air Quality,307.23999999999995
2020-11-26,Air Quality,297.12
2020-11-27,Air Quality,302.26000000000005
2020-11-28,Air Quality,249.32
2020-11-29,Air Quality,166.68
2020-11-30,Air Quality,145.88000000000002
2020-12-01,Air Quality,224.06
2020-12-02,Air Quality,293.44
2020-12-03,Air Quality,183.14000000000001
2020-12-04,Air Quality,269.62
2020-12-05,Air Quality,285.0
2020-12-06,Air Quality,266.28000000000003
2020-12-07,Air Quality,344.91999999999996
2020-12-08,Air Quality,351.17999999999995
2020-12-09,Air Quality,285.6
2020-12-10,Air Quality,169.9
2020-12-11,Air Quality,306.2
2020-12-12,Air Quality,385.64
2020-12-13,Air Quality,224.48000000000002
2020-12-14,Air Quality,231.64000000000001
2020-12-15,Air Quality,295.88
2020-12-16,Air Quality,222.06000000000003
2020-12-17,Air Quality,323.98
2020-12-18,Air Quality,295.41999999999996
2020-12-19,Air Quality,311.76
2020-12-20,Air Quality,227.56
2020-12-21,Air Quality,218.56
2020-12-22,Air Quality,241.34
2020-12-23,Air Quality,203.51999999999998
2020-12-24,Air Quality,136.22
2020-12-25,Air Quality,312.6
2020-12-26,Air Quality,187.64
2020-12-27,Air Quality,247.54000000000002
2020-12-28,Air Quality,199.68
2020-12-29,Air Quality,136.66
2020-12-30,Air Quality,388.9
2020-12-31,Air Quality,163.16
2021-01-01,Air Quality,198.32
2021-01-02,Air Quality,319.96
2021-01-03,Air Quality,214.3
2021-01-04,Air Quality,199.48
2021-01-05,Air Quality,200.76
2021-01-06,Air Quality,271.48
2021-01-07,Air Quality,224.94
2021-01-08,Air Quality,140.42
2021-01-09,Air Quality,393.2
2021-01-10,Air Quality,318.7
2021-01-11,Air Quality,282.58000000000004
2021-01-12,Air Quality,225.26
2021-01-13,Air Quality,207.1
2021-01-14,Air Quality,338.41999999999996
2021-01-15,Air Quality,313.44
2021-01-16,Air Quality,295.36
2021-01-17,Air Quality,254.6
2021-01-18,Air Quality,242.44
2021-01-19,Air Quality,230.98000000000002
2021-01-20,Air Quality,423.76000000000005
2021-01-21,Air Quality,324.82
2021-01-22,Air Quality,301.06000000000006
2021-01-23,Air Quality,214.14000000000001
2021-01-24,Air Quality,387.15999999999997
2021-01-25,Air Quality,227.78000000000003
2021-01-26,Air Quality,216.38000000000002
2021-01-27,Air Quality,332.38
2021-01-28,Air Quality,265.82
2021-01-29,Air Quality,205.48000000000002
2021-01-30,Air Quality,268.44
2021-01-31,Air Quality,184.68
2021-02-01,Air Quality,277.24
2021-02-02,Air Quality,302.3
2021-02-03,Air Quality,170.86
2021-02-04,Air Quality,202.64000000000001
2021-02-05,Air Quality,186.2
2021-02-06,Air Quality,87.72
2021-02-07,Air Quality,252.5
2021-02-08,Air Quality,331.28000000000003
2021-02-09,Air Quality,295.62
2021-02-10,Air Quality,251.11999999999998
2021-02-11,Air Quality,293.91999999999996
2021-02-12,Air Quality,321.76
2021-02-13,Air Quality,249.16
2021-02-14,Air Quality,262.52
2021-02-15,Air Quality,83.5
2021-02-16,Air Quality,231.94
2021-02-17,Air Quality,217.98000000000002
2021-02-18,Air Quality,350.3
2021-02-19,Air Quality,277.78000000000003
2021-02-20,Air Quality,246.04000000000002
2021-02-21,Air Quality,295.98
2021-02-22,Air Quality,201.42000000000002
2021-02-23,Air Quality,374.24
2021-02-24,Air Quality,290.58000000000004
2021-02-25,Air Quality,254.08
2021-02-26,Air Quality,331.14
2021-02-27,Air Quality,172.18
2021-02-28,Air Quality,338.41999999999996
2021-03-01,Air Quality,353.54
2021-03-02,Air Quality,330.9
2021-03-03,Air Quality,284.12
2021-03-04,Air Quality,171.84
2021-03-05,Air Quality,185.58
2021-03-06,Air Quality,237.74
2021-03-07,Air Quality,333.41999999999996
2021-03-08,Air Quality,304.7
2021-03-09,Air Quality,322.74
2021-03-10,Air Quality,314.76000000000005
2021-03-11,Air Quality,78.34
2021-03-12,Air Quality,336.88
2021-03-13,Air Quality,295.64
2021-03-14,Air Quality,370.74
2021-03-15,Air Quality,368.08000000000004
2021-03-16,Air Quality,188.56
2021-03-17,Air Quality,180.98
2021-03-18,Air Quality,178.54000000000002
2021-03-19,Air Quality,277.64
2021-03-20,Air Quality,168.78
2021-03-21,Air Quality,313.7
2021-03-22,Air Quality,285.94
2021-03-23,Air Quality,247.92
2021-03-24,Air Quality,213.4
2021-03-25,Air Quality,329.86
2021-03-26,Air Quality,190.74
2021-03-27,Air Quality,326.34000000000003
2021-03-28,Air Quality,329.18
2021-03-29,Air Quality,178.38
2021-03-30,Air Quality,259.41999999999996
2021-03-31,Air Quality,215.6
2021-04-01,Air Quality,247.8
2021-04-02,Air Quality,114.16
2021-04-03,Air Quality,259.02
2021-04-04,Air Quality,258.14
2021-04-05,Air Quality,263.4
2021-04-06,Air Quality,368.15999999999997
2021-04-07,Air Quality,285.6
2021-04-08,Air Quality,188.0
2021-04-09,Air Quality,122.74000000000001
2021-04-10,Air Quality,373.32
2021-04-11,Air Quality,316.6
2021-04-12,Air Quality,304.34000000000003
2021-04-13,Air Quality,328.32
2021-04-14,Air Quality,246.2
2021-04-15,Air Quality,254.21999999999997
2021-04-16,Air Quality,306.48
2021-04-17,Air Quality,264.4
2021-04-18,Air Quality,157.3
2021-04-19,Air Quality,334.36
2021-04-20,Air Quality,238.26
2021-04-21,Air Quality,255.98000000000002
2021-04-22,Air Quality,242.47999999999996
2021-04-23,Air Quality,262.8
2021-04-24,Air Quality,330.48
2021-04-25,Air Quality,206.56
2021-04-26,Air Quality,181.04000000000002
2021-04-27,Air Quality,264.41999999999996
2021-04-28,Air Quality,264.52
2021-04-29,Air Quality,243.34
2021-04-30,Air Quality,290.86
2021-05-01,Air Quality,123.8
2021-05-02,Air Quality,196.92
2021-05-03,Air Quality,357.52
2021-05-04,Air Quality,175.6
2021-05-05,Air Quality,324.58
2021-05-06,Air Quality,170.76
2021-05-07,Air Quality,231.21999999999997
2021-05-08,Air Quality,196.88
2021-05-09,Air Quality,206.88000000000002
2021-05-10,Air Quality,222.51999999999998
2021-05-11,Air Quality,251.6
2021-05-12,Air Quality,281.5
2021-05-13,Air Quality,413.52
2021-05-14,Air Quality,224.58
2021-05-15,Air Quality,358.84000000000003
2021-05-16,Air Quality,293.82
2021-05-17,Air Quality,163.3
2021-05-18,Air Quality,258.38
2021-05-19,Air Quality,330.94
2021-05-20,Air Quality,250.04000000000002
2021-05-21,Air Quality,319.44
2021-05-22,Air Quality,337.74
2021-05-23,Air Quality,220.45999999999998
2021-05-24,Air Quality,224.5
2021-05-25,Air Quality,207.7
2021-05-26,Air Quality,224.51999999999998
2021-05-27,Air Quality,337.8
2021-05-28,Air Quality,292.32
2021-05-29,Air Quality,279.15999999999997
2021-05-30,Air Quality,119.02000000000001
2021-05-31,Air Quality,214.95999999999998
2021-06-01,Air Quality,292.12
2021-06-02,Air Quality,84.14
2021-06-03,Air Quality,174.56
2021-06-04,Air Quality,273.3
2021-06-05,Air Quality,238.35999999999999
2021-06-06,Air Quality,187.54000000000002
2021-06-07,Air Quality,134.8
2021-06-08,Air Quality,235.1
2021-06-09,Air Quality,341.86
2021-06-10,Air Quality,274.36
2021-06-11,Air Quality,238.04000000000002
2021-06-12,Air Quality,337.48
2021-06-13,Air Quality,269.58000000000004
2021-06-14,Air Quality,289.64
2021-06-15,Air Quality,174.0
2021-06-16,Air Quality,363.41999999999996
2021-06-17,Air Quality,297.2
2021-06-18,Air Quality,151.11999999999998
2021-06-19,Air Quality,223.0
2021-06-20,Air Quality,176.02
2021-06-21,Air Quality,228.24
2021-06-22,Air Quality,205.58
2021-06-23,Air Quality,229.3
2021-06-24,Air Quality,312.34000000000003
2021-06-25,Air Quality,219.68
2021-06-26,Air Quality,203.78
2021-06-27,Air Quality,150.71999999999997
2021-06-28,Air Quality,197.92000000000002
2021-06-29,Air Quality,171.62
2021-06-30,Air Quality,207.45999999999998
2021-07-01,Air Quality,280.17999999999995
2021-07-02,Air Quality,296.43999999999994
2021-07-03,Air Quality,228.38000000000002
2021-07-04,Air Quality,248.3
2021-07-05,Air Quality,293.64
2021-07-06,Air Quality,333.84
2021-07-07,Air Quality,287.7
2021-07-08,Air Quality,306.18
2021-07-09,Air Quality,145.88000000000002
2021-07-10,Air Quality,344.24
2021-07-11,Air Quality,205.56
2021-07-12,Air Quality,207.4
2021-07-13,Air Quality,280.68
2021-07-14,Air Quality,247.5
2021-07-15,Air Quality,302.46
2021-07-16,Air Quality,194.83999999999997
2021-07-17,Air Quality,214.58
2021-07-18,Air Quality,289.18
2021-07-19,Air Quality,312.26
2021-07-20,Air Quality,218.32
2021-07-21,Air Quality,287.91999999999996
2021-07-22,Air Quality,249.42000000000002
2021-07-23,Air Quality,278.28000000000003
2021-07-24,Air Quality,268.91999999999996
2021-07-25,Air Quality,198.07999999999998
2021-07-26,Air Quality,339.86
2021-07-27,Air Quality,280.66
2021-07-28,Air Quality,253.24
2021-07-29,Air Quality,203.88
2021-07-30,Air Quality,283.38
2021-07-31,Air Quality,249.34
2021-08-01,Air Quality,225.94
2021-08-02,Air Quality,261.82
2021-08-03,Air Quality,253.82
2021-08-04,Air Quality,147.9
2021-08-05,Air Quality,210.21999999999997
2021-08-06,Air Quality,323.5
2021-08-07,Air Quality,254.6
2021-08-08,Air Quality,370.02
2021-08-09,Air Quality,255.45999999999998
2021-08-10,Air Quality,312.1
2021-08-11,Air Quality,297.2
2021-08-12,Air Quality,362.86
2021-08-13,Air Quality,168.3
2021-08-14,Air Quality,162.28
2021-08-15,Air Quality,119.47999999999999
2021-08-16,Air Quality,304.96
2021-08-17,Air Quality,131.56
2021-08-18,Air Quality,238.61999999999998
2021-08-19,Air Quality,209.14000000000001
2021-08-20,Air Quality,286.94
2021-08-21,Air Quality,346.26000000000005
2021-08-22,Air Quality,280.23999999999995
2021-08-23,Air Quality,297.65999999999997
2021-08-24,Air Quality,353.88
2021-08-25,Air Quality,115.94000000000001
2021-08-26,Air Quality,109.85999999999999
2021-08-27,Air Quality,230.28000000000003
2021-08-28,Air Quality,225.51999999999998
2021-08-29,Air Quality,215.42
2021-08-30,Air Quality,383.8
2021-08-31,Air Quality,183.14
2021-09-01,Air Quality,162.94
2021-09-02,Air Quality,266.68
2021-09-03,Air Quality,238.32
2021-09-04,Air Quality,161.2
2021-09-05,Air Quality,164.04000000000002
2021-09-06,Air Quality,148.22
2021-09-07,Air Quality,178.68
2021-09-08,Air Quality,188.98
2021-09-09,Air Quality,386.15999999999997
2021-09-10,Air Quality,371.02000000000004
2021-09-11,Air Quality,308.62
2021-09-12,Air Quality,381.54
2021-09-13,Air Quality,311.8
2021-09-14,Air Quality,159.61999999999998
2021-09-15,Air Quality,243.5
2021-09-16,Air Quality,128.18
2021-09-17,Air Quality,216.4
2021-09-18,Air Quality,343.15999999999997
2021-09-19,Air Quality,262.74
2021-09-20,Air Quality,309.26
2021-09-21,Air Quality,282.7
2021-09-22,Air Quality,184.8
2021-09-23,Air Quality,242.1
2021-09-24,Air Quality,216.42000000000002
2021-09-25,Air Quality,283.54
2021-09-26,Air Quality,232.6
2021-09-27,Air Quality,151.48000000000002
2021-09-28,Air Quality,219.6
2021-09-29,Air Quality,308.7
2021-09-30,Air Quality,169.26000000000002
2021-10-01,Air Quality,173.12
2021-10-02,Air Quality,273.7
2021-10-03,Air Quality,220.82
2021-10-04,Air Quality,246.74
2021-10-05,Air Quality,159.52
2021-10-06,Air Quality,304.2
2021-10-07,Air Quality,136.7
2021-10-08,Air Quality,234.8
2021-10-09,Air Quality,185.76
2021-10-10,Air Quality,225.32
2021-10-11,Air Quality,243.6
2021-10-12,Air Quality,223.92
2021-10-13,Air Quality,319.2
2021-10-14,Air Quality,308.06000000000006
2021-10-15,Air Quality,354.7
2021-10-16,Air Quality,319.32
2021-10-17,Air Quality,248.85999999999999
2021-10-18,Air Quality,359.46000000000004
2021-10-19,Air Quality,403.58000000000004
2021-10-20,Air Quality,228.61999999999998
2021-10-21,Air Quality,227.92
2021-10-22,Air Quality,255.45999999999998
2021-10-23,Air Quality,149.48
2021-10-24,Air Quality,218.6
2021-10-25,Air Quality,196.18
2021-10-26,Air Quality,308.14
2021-10-27,Air Quality,150.84
2021-10-28,Air Quality,255.08
2021-10-29,Air Quality,269.64
2021-10-30,Air Quality,223.9
2021-10-31,Air Quality,224.24
2021-11-01,Air Quality,267.6
2021-11-02,Air Quality,174.4
2021-11-03,Air Quality,193.62
2021-11-04,Air Quality,343.32
2021-11-05,Air Quality,225.54000000000002
2021-11-06,Air Quality,279.68
2021-11-07,Air Quality,186.54000000000002
2021-11-08,Air Quality,211.01999999999998
2021-11-09,Air Quality,217.08
2021-11-10,Air Quality,298.1
2021-11-11,Air Quality,249.38000000000002
2021-11-12,Air Quality,276.15999999999997
2021-11-13,Air Quality,207.95999999999998
2021-11-14,Air Quality,306.56
2021-11-15,Air Quality,213.94
2021-11-16,Air Quality,292.14
2021-11-17,Air Quality,323.5
2021-11-18,Air Quality,316.65999999999997
2021-11-19,Air Quality,258.16
2021-11-20,Air Quality,298.18
2021-11-21,Air Quality,181.0
2021-11-22,Air Quality,193.84
2021-11-23,Air Quality,289.96
2021-11-24,Air Quality,246.64000000000001
2021-11-25,Air Quality,400.84000000000003
2021-11-26,Air Quality,186.12
2021-11-27,Air Quality,229.26
2021-11-28,Air Quality,264.88
2021-11-29,Air Quality,235.53999999999996
2021-11-30,Air Quality,308.32
2021-12-01,Air Quality,245.8
2021-12-02,Air Quality,63.879999999999995
2021-12-03,Air Quality,326.78000000000003
2021-12-04,Air Quality,203.34
2021-12-05,Air Quality,227.6
2021-12-06,Air Quality,223.6
2021-12-07,Air Quality,178.48
2021-12-08,Air Quality,255.14000000000001
2021-12-09,Air Quality,291.52
2021-12-10,Air Quality,346.0
2021-12-11,Air Quality,163.38
2021-12-12,Air Quality,196.72
2021-12-13,Air Quality,290.5
2021-12-14,Air Quality,327.38
2021-12-15,Air Quality,238.0
2021-12-16,Air Quality,256.06
2021-12-17,Air Quality,317.08
2021-12-18,Air Quality,373.78000000000003
2021-12-19,Air Quality,259.41999999999996
2021-12-20,Air Quality,281.84000000000003
2021-12-21,Air Quality,207.32
2021-12-22,Air Quality,299.98
2021-12-23,Air Quality,217.45999999999998
2021-12-24,Air Quality,229.26
2021-12-25,Air Quality,267.9
2021-12-26,Air Quality,197.76
2021-12-27,Air Quality,285.96
2021-12-28,Air Quality,288.6
2021-12-29,Air Quality,298.26
2021-12-30,Air Quality,304.08000000000004
2021-12-31,Air Quality,169.16
2022-01-01,Air Quality,295.96
2022-01-02,Air Quality,197.98
2022-01-03,Air Quality,138.42
2022-01-04,Air Quality,357.41999999999996
2022-01-05,Air Quality,257.5
2022-01-06,Air Quality,141.1
2022-01-07,Air Quality,166.01999999999998
2022-01-08,Air Quality,236.95999999999998
2022-01-09,Air Quality,241.68
2022-01-10,Air Quality,236.28000000000003
2022-01-11,Air Quality,301.52
2022-01-12,Air Quality,195.95999999999998
2022-01-13,Air Quality,400.3
2022-01-14,Air Quality,281.6
2022-01-15,Air Quality,117.92
2022-01-16,Air Quality,214.38000000000002
2022-01-17,Air Quality,352.21999999999997
2022-01-18,Air Quality,129.82
2022-01-19,Air Quality,298.4
2022-01-20,Air Quality,199.12
2022-01-21,Air Quality,287.02
2022-01-22,Air Quality,236.4
2022-01-23,Air Quality,243.3
2022-01-24,Air Quality,195.11999999999998
2022-01-25,Air Quality,314.6
2022-01-26,Air Quality,205.08
2022-01-27,Air Quality,198.48
2022-01-28,Air Quality,203.28
2022-01-29,Air Quality,315.21999999999997
2022-01-30,Air Quality,277.12
2022-01-31,Air Quality,316.36
2022-02-01,Air Quality,399.44
2022-02-02,Air Quality,291.62
2022-02-03,Air Quality,220.5
2022-02-04,Air Quality,315.08000000000004
2022-02-05,Air Quality,284.1
2022-02-06,Air Quality,321.3
2022-02-07,Air Quality,95.94
2022-02-08,Air Quality,284.82
2022-02-09,Air Quality,341.42
2022-02-10,Air Quality,195.88
2022-02-11,Air Quality,185.28
2022-02-12,Air Quality,166.12
2022-02-13,Air Quality,353.84000000000003
2022-02-14,Air Quality,333.12
2022-02-15,Air Quality,300.2
2022-02-16,Air Quality,253.9
2022-02-17,Air Quality,316.71999999999997
2022-02-18,Air Quality,213.42
2022-02-19,Air Quality,168.34
2022-02-20,Air Quality,225.28000000000003
2022-02-21,Air Quality,269.68
2022-02-22,Air Quality,278.46
2022-02-23,Air Quality,341.41999999999996
2022-02-24,Air Quality,223.76
2022-02-25,Air Quality,234.1
2022-02-26,Air Quality,219.11999999999998
2022-02-27,Air Quality,315.7
2022-02-28,Air Quality,277.5
2022-03-01,Air Quality,300.53999999999996
2022-03-02,Air Quality,249.95999999999998
2022-03-03,Air Quality,226.42
2022-03-04,Air Quality,160.57999999999998
2022-03-05,Air Quality,215.74
2022-03-06,Air Quality,329.58000000000004
2022-03-07,Air Quality,356.14
2022-03-08,Air Quality,231.16
2022-03-09,Air Quality,223.45999999999998
2022-03-10,Air Quality,274.54
2022-03-11,Air Quality,279.44
2022-03-12,Air Quality,236.6
2022-03-13,Air Quality,261.44
2022-03-14,Air Quality,227.98000000000002
2022-03-15,Air Quality,277.14
2022-03-16,Air Quality,353.14
2022-03-17,Air Quality,181.62
2022-03-18,Air Quality,235.68
2022-03-19,Air Quality,335.41999999999996
2022-03-20,Air Quality,317.34000000000003
2022-03-21,Air Quality,227.56
2022-03-22,Air Quality,215.85999999999999
2022-03-23,Air Quality,334.86
2022-03-24,Air Quality,218.54000000000002
2022-03-25,Air Quality,196.86
2022-03-26,Air Quality,229.21999999999997
2022-03-27,Air Quality,174.5
2022-03-28,Air Quality,217.28000000000003
2022-03-29,Air Quality,271.34000000000003
2022-03-30,Air Quality,272.84000000000003
2022-03-31,Air Quality,340.0
2022-04-01,Air Quality,246.58
2022-04-02,Air Quality,239.58
2022-04-03,Air Quality,194.84
2022-04-04,Air Quality,197.56
2022-04-05,Air Quality,293.65999999999997
2022-04-06,Air Quality,341.58000000000004
2022-04-07,Air Quality,219.66000000000003
2022-04-08,Air Quality,302.71999999999997
2022-04-09,Air Quality,154.34
2022-04-10,Air Quality,187.18
2022-04-11,Air Quality,165.3
2022-04-12,Air Quality,216.3
2022-04-13,Air Quality,208.3
2022-04-14,Air Quality,296.68
2022-04-15,Air Quality,328.5
2022-04-16,Air Quality,226.45999999999998
2022-04-17,Air Quality,190.48
2022-04-18,Air Quality,274.9
2022-04-19,Air Quality,270.14
2022-04-20,Air Quality,193.18
2022-04-21,Air Quality,142.08
2022-04-22,Air Quality,286.41999999999996
2022-04-23,Air Quality,280.12
2022-04-24,Air Quality,189.85999999999999
2022-04-25,Air Quality,224.14000000000001
2022-04-26,Air Quality,245.83999999999997
2022-04-27,Air Quality,200.66000000000003
2022-04-28,Air Quality,266.28000000000003
2022-04-29,Air Quality,259.21999999999997
2022-04-30,Air Quality,353.12
2022-05-01,Air Quality,169.54000000000002
2022-05-02,Air Quality,224.4
2022-05-03,Air Quality,307.03999999999996
2022-05-04,Air Quality,279.68
2022-05-05,Air Quality,271.23999999999995
2022-05-06,Air Quality,212.78000000000003
2022-05-07,Air Quality,220.38000000000002
2022-05-08,Air Quality,349.54
2022-05-09,Air Quality,100.86000000000001
2022-05-10,Air Quality,272.86
2022-05-11,Air Quality,203.04000000000002
2022-05-12,Air Quality,239.4
2022-05-13,Air Quality,269.44
2022-05-14,Air Quality,277.1
2022-05-15,Air Quality,201.16
2022-05-16,Air Quality,195.64000000000001
2022-05-17,Air Quality,182.23999999999998
2022-05-18,Air Quality,257.38
2022-05-19,Air Quality,276.21999999999997
2022-05-20,Air Quality,186.16
2022-05-21,Air Quality,358.08000000000004
2022-05-22,Air Quality,320.96
2022-05-23,Air Quality,373.84000000000003
2022-05-24,Air Quality,174.66
2022-05-25,Air Quality,101.26
2022-05-26,Air Quality,348.12
2022-05-27,Air Quality,298.15999999999997
2022-05-28,Air Quality,207.87999999999997
2022-05-29,Air Quality,280.94
2022-05-30,Air Quality,263.46
2022-05-31,Air Quality,184.5
2022-06-01,Air Quality,151.21999999999997
2022-06-02,Air Quality,246.94
2022-06-03,Air Quality,307.52
2022-06-04,Air Quality,321.76
2022-06-05,Air Quality,133.78000000000003
2022-06-06,Air Quality,195.4
2022-06-07,Air Quality,147.92000000000002
2022-06-08,Air Quality,260.68
2022-06-09,Air Quality,213.34
2022-06-10,Air Quality,392.54
2022-06-11,Air Quality,182.6
2022-06-12,Air Quality,295.1
2022-06-13,Air Quality,411.26000000000005
2022-06-14,Air Quality,316.15999999999997
2022-06-15,Air Quality,168.44
2022-06-16,Air Quality,236.45999999999998
2022-06-17,Air Quality,285.5
2022-06-18,Air Quality,262.68
2022-06-19,Air Quality,222.7
2022-06-20,Air Quality,353.5
2022-06-21,Air Quality,285.04
2022-06-22,Air Quality,134.0
2022-06-23,Air Quality,186.72
2022-06-24,Air Quality,212.76
2022-06-25,Air Quality,202.02
2022-06-26,Air Quality,136.02
2022-06-27,Air Quality,307.54
2022-06-28,Air Quality,226.88000000000002
2022-06-29,Air Quality,342.76
2022-06-30,Air Quality,160.14000000000001
2022-07-01,Air Quality,307.6
2022-07-02,Air Quality,322.14
2022-07-03,Air Quality,334.08000000000004
2022-07-04,Air Quality,208.4
2022-07-05,Air Quality,261.78000000000003
2022-07-06,Air Quality,163.57999999999998
2022-07-07,Air Quality,217.76
2022-07-08,Air Quality,221.03999999999996
2022-07-09,Air Quality,218.24
2022-07-10,Air Quality,340.28000000000003
2022-07-11,Air Quality,206.45999999999998
2022-07-12,Air Quality,107.66
2022-07-13,Air Quality,278.44
2022-07-14,Air Quality,315.41999999999996
2022-07-15,Air Quality,139.54000000000002
2022-07-16,Air Quality,268.7
2022-07-17,Air Quality,244.68
2022-07-18,Air Quality,113.35999999999999
2022-07-19,Air Quality,247.58
2022-07-20,Air Quality,204.1
2022-07-21,Air Quality,215.83999999999997
2022-07-22,Air Quality,249.66
2022-07-23,Air Quality,249.68
2022-07-24,Air Quality,177.76
2022-07-25,Air Quality,174.14000000000001
2022-07-26,Air Quality,178.68
2022-07-27,Air Quality,280.14
2022-07-28,Air Quality,286.34000000000003
2022-07-29,Air Quality,327.36
2022-07-30,Air Quality,273.5
2022-07-31,Air Quality,293.94
2022-08-01,Air Quality,255.01999999999998
2022-08-02,Air Quality,346.58000000000004
2022-08-03,Air Quality,346.32
2022-08-04,Air Quality,279.56
2022-08-05,Air Quality,278.36
2022-08-06,Air Quality,305.24
2022-08-07,Air Quality,166.21999999999997
2022-08-08,Air Quality,326.96
2022-08-09,Air Quality,208.76
2022-08-10,Air Quality,191.5
2022-08-11,Air Quality,325.9
2022-08-12,Air Quality,218.78000000000003
2022-08-13,Air Quality,214.06
2022-08-14,Air Quality,333.5
2022-08-15,Air Quality,297.12
2022-08-16,Air Quality,296.5
2022-08-17,Air Quality,289.2
2022-08-18,Air Quality,163.4
2022-08-19,Air Quality,188.9
2022-08-20,Air Quality,173.66
2022-08-21,Air Quality,264.98
2022-08-22,Air Quality,141.73999999999998
2022-08-23,Air Quality,193.34
2022-08-24,Air Quality,245.8
2022-08-25,Air Quality,213.66
2022-08-26,Air Quality,187.12
2022-08-27,Air Quality,248.35999999999999
2022-08-28,Air Quality,194.0
2022-08-29,Air Quality,277.36
2022-08-30,Air Quality,237.68
2022-08-31,Air Quality,196.54000000000002
2022-09-01,Air Quality,279.65999999999997
2022-09-02,Air Quality,262.94
2022-09-03,Air Quality,239.76
2022-09-04,Air Quality,335.15999999999997
2022-09-05,Air Quality,240.44
2022-09-06,Air Quality,308.03999999999996
2022-09-07,Air Quality,258.34000000000003
2022-09-08,Air Quality,282.91999999999996
2022-09-09,Air Quality,270.54
2022-09-10,Air Quality,221.07999999999998
2022-09-11,Air Quality,190.95999999999998
2022-09-12,Air Quality,165.95999999999998
2022-09-13,Air Quality,235.97999999999996
2022-09-14,Air Quality,270.78000000000003
2022-09-15,Air Quality,178.08
2022-09-16,Air Quality,298.94
2022-09-17,Air Quality,199.98
2022-09-18,Air Quality,153.04000000000002
2022-09-19,Air Quality,266.46
2022-09-20,Air Quality,385.4
2022-09-21,Air Quality,268.84000000000003
2022-09-22,Air Quality,271.34000000000003
2022-09-23,Air Quality,355.34000000000003
2022-09-24,Air Quality,251.5
2022-09-25,Air Quality,276.28000000000003
2022-09-26,Air Quality,290.52
2022-09-27,Air Quality,271.76
2022-09-28,Air Quality,243.48000000000002
2022-09-29,Air Quality,313.41999999999996
2022-09-30,Air Quality,211.26
2022-10-01,Air Quality,270.06
2022-10-02,Air Quality,219.2
2022-10-03,Air Quality,233.44
2022-10-04,Air Quality,316.2
2022-10-05,Air Quality,236.26
2022-10-06,Air Quality,256.14
2022-10-07,Air Quality,338.32
2022-10-08,Air Quality,255.21999999999997
2022-10-09,Air Quality,290.52000000000004
2022-10-10,Air Quality,334.52
2022-10-11,Air Quality,145.32
2022-10-12,Air Quality,253.3
2022-10-13,Air Quality,351.7
2022-10-14,Air Quality,258.6
2022-10-15,Air Quality,312.28000000000003
2022-10-16,Air Quality,228.66
2022-10-17,Air Quality,219.74
2022-10-18,Air Quality,217.68
2022-10-19,Air Quality,311.68
2022-10-20,Air Quality,222.6
2022-10-21,Air Quality,328.08
2022-10-22,Air Quality,407.3
2022-10-23,Air Quality,302.96
2022-10-24,Air Quality,317.52
2022-10-25,Air Quality,227.42
2022-10-26,Air Quality,340.48
2022-10-27,Air Quality,310.3
