city,last_updated,avg_congestion_index,avg_traffic_speed,digital_readiness_score,internet_access_pct,avg_aqi,avg_pm25,air_quality_trend,air_quality_records
Kuala Lumpur,2025-10-19T06:49:03.512676,0.5663270105620982,42.111096176141764,,,,,,
Sulaimaniya,2025-10-19T06:49:03.521444,0.5663270105620982,42.111096176141764,,,,,,
Asuncion,2025-10-19T06:49:03.524123,0.5663270105620982,42.111096176141764,,,,,,
Tainan,2025-10-19T06:49:03.526512,0.5663270105620982,42.111096176141764,,,,,,
Seongnam,2025-10-19T06:49:03.528372,0.5663270105620982,42.111096176141764,,,,,,
Medellin,2025-10-19T06:49:03.530160,0.5663270105620982,42.111096176141764,,,,,,
Jabalpur,2025-10-19T06:49:03.532072,0.5663270105620982,42.111096176141764,,,,,,
Odesa,2025-10-19T06:49:03.534720,0.5663270105620982,42.111096176141764,,,,,,
Nnewi,2025-10-19T06:49:03.536805,0.5663270105620982,42.111096176141764,,,,,,
Marrakech,2025-10-19T06:49:03.538414,0.5663270105620982,42.111096176141764,,,,,,
Niigata,2025-10-19T06:49:03.540034,0.5663270105620982,42.111096176141764,,,,,,
Jodhpur,2025-10-19T06:49:03.541623,0.5663270105620982,42.111096176141764,,,,,,
Shanghai,2025-10-19T06:49:03.543218,0.5663270105620982,42.111096176141764,,,,,,
Bengbu,2025-10-19T06:49:03.545363,0.5663270105620982,42.111096176141764,,,,,,
Dnipro,2025-10-19T06:49:03.547888,0.5663270105620982,42.111096176141764,,,,,,
Port Elizabeth,2025-10-19T06:49:03.550584,0.5663270105620982,42.111096176141764,,,,,,
Tianshui,2025-10-19T06:49:03.553997,0.5663270105620982,42.111096176141764,,,,,,
Khulna,2025-10-19T06:49:03.556047,0.5663270105620982,42.111096176141764,,,,,,
Kananga,2025-10-19T06:49:03.558537,0.5663270105620982,42.111096176141764,,,,,,
Tangshan Hebei,2025-10-19T06:49:03.560087,0.5663270105620982,42.111096176141764,,,,,,
Enugu,2025-10-19T06:49:03.561565,0.5663270105620982,42.111096176141764,,,,,,
Xingtai,2025-10-19T06:49:03.563224,0.5663270105620982,42.111096176141764,,,,,,
Rosario,2025-10-19T06:49:03.565439,0.5663270105620982,42.111096176141764,,,,,,
Porto,2025-10-19T06:49:03.568570,0.5663270105620982,42.111096176141764,,,,,,
Nonthaburi,2025-10-19T06:49:03.570434,0.5663270105620982,42.111096176141764,,,,,,
Belgaum,2025-10-19T06:49:03.572174,0.5663270105620982,42.111096176141764,,,,,,
Columbus,2025-10-19T06:49:03.573621,0.5663270105620982,42.111096176141764,,,,,,
London,2025-10-19T06:49:03.575129,0.5663270105620982,42.111096176141764,,,,,,
Hufuf Mubarraz,2025-10-19T06:49:03.576612,0.5663270105620982,42.111096176141764,,,,,,
Danyang,2025-10-19T06:49:03.578034,0.5663270105620982,42.111096176141764,,,,,,
Copenhagen,2025-10-19T06:49:03.579517,0.5663270105620982,42.111096176141764,,,,,,
Haerbin,2025-10-19T06:49:03.580946,0.5663270105620982,42.111096176141764,,,,,,
Zigong,2025-10-19T06:49:03.582506,0.5663270105620982,42.111096176141764,,,,,,
Yueyang,2025-10-19T06:49:03.583995,0.5663270105620982,42.111096176141764,,,,,,
Qingyuan,2025-10-19T06:49:03.585474,0.5663270105620982,42.111096176141764,,,,,,
Mbuji Mayi,2025-10-19T06:49:03.587003,0.5663270105620982,42.111096176141764,,,,,,
Peshawar,2025-10-19T06:49:03.588421,0.5663270105620982,42.111096176141764,,,,,,
Aleppo,2025-10-19T06:49:03.589960,0.5663270105620982,42.111096176141764,,,,,,
Villahermosa,2025-10-19T06:49:03.591511,0.5663270105620982,42.111096176141764,,,,,,
Leiyang,2025-10-19T06:49:03.592951,0.5663270105620982,42.111096176141764,,,,,,
Heze,2025-10-19T06:49:03.594375,0.5663270105620982,42.111096176141764,,,,,,
Salvador,2025-10-19T06:49:03.595788,0.5663270105620982,42.111096176141764,,,,,,
Zhuzhou,2025-10-19T06:49:03.597306,0.5663270105620982,42.111096176141764,,,,,,
Merida,2025-10-19T06:49:03.598957,0.5663270105620982,42.111096176141764,,,,,,
Tampico,2025-10-19T06:49:03.600472,0.5663270105620982,42.111096176141764,,,,,,
Teresina,2025-10-19T06:49:03.601882,0.5663270105620982,42.111096176141764,,,,,,
Indianapolis balance,2025-10-19T06:49:03.603379,0.5663270105620982,42.111096176141764,,,,,,
Ipoh,2025-10-19T06:49:03.604800,0.5663270105620982,42.111096176141764,,,,,,
Suzhou,2025-10-19T06:49:03.606259,0.5663270105620982,42.111096176141764,,,,,,
Conakry,2025-10-19T06:49:03.607724,0.5663270105620982,42.111096176141764,,,,,,
Astana,2025-10-19T06:49:03.609153,0.5663270105620982,42.111096176141764,,,,,,
Belo Horizonte,2025-10-19T06:49:03.610720,0.5663270105620982,42.111096176141764,,,,,,
Port Au Prince,2025-10-19T06:49:03.612306,0.5663270105620982,42.111096176141764,,,,,,
Ningbo,2025-10-19T06:49:03.613987,0.5663270105620982,42.111096176141764,,,,,,
Houston,2025-10-19T06:49:03.615549,0.5663270105620982,42.111096176141764,,,,,,
Xining,2025-10-19T06:49:03.617134,0.5663270105620982,42.111096176141764,,,,,,
Donetsk,2025-10-19T06:49:03.618625,0.5663270105620982,42.111096176141764,,,,,,
Madurai,2025-10-19T06:49:03.620038,0.5663270105620982,42.111096176141764,,,,,,
Cairo,2025-10-19T06:49:03.621482,0.5663270105620982,42.111096176141764,,,,,,
Fukuoka,2025-10-19T06:49:03.623451,0.5663270105620982,42.111096176141764,,,,,,
Ahmedabad,2025-10-19T06:49:03.624903,0.5663270105620982,42.111096176141764,55.074,72.18,,,,
Deyang,2025-10-19T06:49:03.626846,0.5663270105620982,42.111096176141764,,,,,,
Benin City,2025-10-19T06:49:03.628395,0.5663270105620982,42.111096176141764,,,,,,
Tengzhou,2025-10-19T06:49:03.629973,0.5663270105620982,42.111096176141764,,,,,,
Qom,2025-10-19T06:49:03.631528,0.5663270105620982,42.111096176141764,,,,,,
Madras,2025-10-19T06:49:03.632945,0.5663270105620982,42.111096176141764,62.95399999999999,87.74,249.26249114103473,250.84837264351523,improving,5644.0
Cuernavaca,2025-10-19T06:49:03.637931,0.5663270105620982,42.111096176141764,,,,,,
Kannur,2025-10-19T06:49:03.642465,0.5663270105620982,42.111096176141764,,,,,,
Hong Kong,2025-10-19T06:49:03.648514,0.5663270105620982,42.111096176141764,,,,,,
Belem,2025-10-19T06:49:03.652394,0.5663270105620982,42.111096176141764,,,,,,
Chihuahua,2025-10-19T06:49:03.655158,0.5663270105620982,42.111096176141764,,,,,,
Ulsan,2025-10-19T06:49:03.657381,0.5663270105620982,42.111096176141764,,,,,,
Bergamo,2025-10-19T06:49:03.658872,0.5663270105620982,42.111096176141764,,,,,,
Lima,2025-10-19T06:49:03.660543,0.5663270105620982,42.111096176141764,,,,,,
Shizuoka,2025-10-19T06:49:03.662313,0.5663270105620982,42.111096176141764,,,,,,
Sheffield,2025-10-19T06:49:03.664888,0.5663270105620982,42.111096176141764,,,,,,
Aurangabad,2025-10-19T06:49:03.666916,0.5663270105620982,42.111096176141764,,,,,,
Talcher,2025-10-19T06:49:03.668406,0.5663270105620982,42.111096176141764,62.58399999999999,81.21,,,,
Xiangtan Hunan,2025-10-19T06:49:03.670236,0.5663270105620982,42.111096176141764,,,,,,
Cali,2025-10-19T06:49:03.671693,0.5663270105620982,42.111096176141764,,,,,,
Panjin,2025-10-19T06:49:03.673119,0.5663270105620982,42.111096176141764,,,,,,
Songkhla,2025-10-19T06:49:03.674627,0.5663270105620982,42.111096176141764,,,,,,
Changchun,2025-10-19T06:49:03.676438,0.5663270105620982,42.111096176141764,,,,,,
Nouakchott,2025-10-19T06:49:03.678590,0.5663270105620982,42.111096176141764,,,,,,
Bujumbura,2025-10-19T06:49:03.680082,0.5663270105620982,42.111096176141764,,,,,,
Monrovia,2025-10-19T06:49:03.681597,0.5663270105620982,42.111096176141764,,,,,,
Brussels,2025-10-19T06:49:03.683577,0.5663270105620982,42.111096176141764,,,,,,
Lome,2025-10-19T06:49:03.685136,0.5663270105620982,42.111096176141764,,,,,,
Kharkiv,2025-10-19T06:49:03.686557,0.5663270105620982,42.111096176141764,,,,,,
Agadir,2025-10-19T06:49:03.687981,0.5663270105620982,42.111096176141764,,,,,,
Havana,2025-10-19T06:49:03.689460,0.5663270105620982,42.111096176141764,,,,,,
Erbil,2025-10-19T06:49:03.690968,0.5663270105620982,42.111096176141764,,,,,,
Huambo,2025-10-19T06:49:03.694820,0.5663270105620982,42.111096176141764,,,,,,
Leon De Los Aldamas,2025-10-19T06:49:03.701798,0.5663270105620982,42.111096176141764,,,,,,
Nairobi,2025-10-19T06:49:03.705924,0.5663270105620982,42.111096176141764,,,,,,
Goma,2025-10-19T06:49:03.710362,0.5663270105620982,42.111096176141764,,,,,,
Hiroshima,2025-10-19T06:49:03.714468,0.5663270105620982,42.111096176141764,,,,,,
Brajrajnagar,2025-10-19T06:49:03.719024,0.5663270105620982,42.111096176141764,62.267999999999994,80.21,,,,
Quito,2025-10-19T06:49:03.722934,0.5663270105620982,42.111096176141764,,,,,,
Shiyan,2025-10-19T06:49:03.729454,0.5663270105620982,42.111096176141764,,,,,,
Dublin,2025-10-19T06:49:03.733457,0.5663270105620982,42.111096176141764,,,,,,
Hubli Dharwad,2025-10-19T06:49:03.736348,0.5663270105620982,42.111096176141764,,,,,,
Johor Bahru,2025-10-19T06:49:03.738569,0.5663270105620982,42.111096176141764,,,,,,
Cagayan De Oro City,2025-10-19T06:49:03.740590,0.5663270105620982,42.111096176141764,,,,,,
Kottayam,2025-10-19T06:49:03.742335,0.5663270105620982,42.111096176141764,,,,,,
Yangjiang,2025-10-19T06:49:03.743837,0.5663270105620982,42.111096176141764,,,,,,
Bordeaux,2025-10-19T06:49:03.745697,0.5663270105620982,42.111096176141764,,,,,,
Xiamen,2025-10-19T06:49:03.747309,0.5663270105620982,42.111096176141764,,,,,,
Tasikmalaya,2025-10-19T06:49:03.748821,0.5663270105620982,42.111096176141764,,,,,,
Tehran,2025-10-19T06:49:03.750267,0.5663270105620982,42.111096176141764,,,,,,
Guigang,2025-10-19T06:49:03.751758,0.5663270105620982,42.111096176141764,,,,,,
Changwon,2025-10-19T06:49:03.753179,0.5663270105620982,42.111096176141764,,,,,,
Malang,2025-10-19T06:49:03.755328,0.5663270105620982,42.111096176141764,,,,,,
Mendoza,2025-10-19T06:49:03.757458,0.5663270105620982,42.111096176141764,,,,,,
Accra,2025-10-19T06:49:03.758918,0.5663270105620982,42.111096176141764,,,,,,
Mecca,2025-10-19T06:49:03.760441,0.5663270105620982,42.111096176141764,,,,,,
Kumasi,2025-10-19T06:49:03.762323,0.5663270105620982,42.111096176141764,,,,,,
Xuzhou,2025-10-19T06:49:03.763825,0.5663270105620982,42.111096176141764,,,,,,
Jincheng,2025-10-19T06:49:03.765637,0.5663270105620982,42.111096176141764,,,,,,
Gurugram,2025-10-19T06:49:03.767144,0.5663270105620982,42.111096176141764,62.052,78.42,,,,
Nay Pyi Taw,2025-10-19T06:49:03.769055,0.5663270105620982,42.111096176141764,,,,,,
Harare,2025-10-19T06:49:03.770735,0.5663270105620982,42.111096176141764,,,,,,
Manaus,2025-10-19T06:49:03.772328,0.5663270105620982,42.111096176141764,,,,,,
Yichun Jiangxi,2025-10-19T06:49:03.774029,0.5663270105620982,42.111096176141764,,,,,,
Voronezh,2025-10-19T06:49:03.775448,0.5663270105620982,42.111096176141764,,,,,,
N Djamena,2025-10-19T06:49:03.776974,0.5663270105620982,42.111096176141764,,,,,,
Veracruz,2025-10-19T06:49:03.778503,0.5663270105620982,42.111096176141764,,,,,,
Ganzhou,2025-10-19T06:49:03.780070,0.5663270105620982,42.111096176141764,,,,,,
Shenzhen,2025-10-19T06:49:03.781498,0.5663270105620982,42.111096176141764,,,,,,
Kampala,2025-10-19T06:49:03.783010,0.5663270105620982,42.111096176141764,,,,,,
Zibo,2025-10-19T06:49:03.784446,0.5663270105620982,42.111096176141764,,,,,,
Maputo,2025-10-19T06:49:03.786147,0.5663270105620982,42.111096176141764,,,,,,
Gwalior,2025-10-19T06:49:03.787707,0.5663270105620982,42.111096176141764,,,,,,
Srinagar,2025-10-19T06:49:03.789150,0.5663270105620982,42.111096176141764,,,,,,
Laiwu,2025-10-19T06:49:03.790656,0.5663270105620982,42.111096176141764,,,,,,
Sargodha,2025-10-19T06:49:03.792191,0.5663270105620982,42.111096176141764,,,,,,
Fort Worth,2025-10-19T06:49:03.793705,0.5663270105620982,42.111096176141764,,,,,,
Dalian,2025-10-19T06:49:03.795217,0.5663270105620982,42.111096176141764,,,,,,
Tongliao,2025-10-19T06:49:03.796876,0.5663270105620982,42.111096176141764,,,,,,
Pointe Noire,2025-10-19T06:49:03.798533,0.5663270105620982,42.111096176141764,,,,,,
Kigali,2025-10-19T06:49:03.800053,0.5663270105620982,42.111096176141764,,,,,,
Durban,2025-10-19T06:49:03.801757,0.5663270105620982,42.111096176141764,,,,,,
Guayaquil,2025-10-19T06:49:03.803247,0.5663270105620982,42.111096176141764,,,,,,
Islamabad,2025-10-19T06:49:03.804766,0.5663270105620982,42.111096176141764,,,,,,
Haicheng,2025-10-19T06:49:03.806257,0.5663270105620982,42.111096176141764,,,,,,
Bozhou,2025-10-19T06:49:03.807747,0.5663270105620982,42.111096176141764,,,,,,
Fushun Liaoning,2025-10-19T06:49:03.809257,0.5663270105620982,42.111096176141764,,,,,,
Shaoxing,2025-10-19T06:49:03.810667,0.5663270105620982,42.111096176141764,,,,,,
Ulaanbaatar,2025-10-19T06:49:03.812176,0.5663270105620982,42.111096176141764,,,,,,
Kisangani,2025-10-19T06:49:03.813570,0.5663270105620982,42.111096176141764,,,,,,
Puducherry,2025-10-19T06:49:03.815097,0.5663270105620982,42.111096176141764,,,,,,
Lagos,2025-10-19T06:49:03.816696,0.5663270105620982,42.111096176141764,,,,,,
Tiruchirappalli,2025-10-19T06:49:03.818229,0.5663270105620982,42.111096176141764,,,,,,
Esfahan,2025-10-19T06:49:03.819641,0.5663270105620982,42.111096176141764,,,,,,
Weifang,2025-10-19T06:49:03.821064,0.5663270105620982,42.111096176141764,,,,,,
Porto Alegre,2025-10-19T06:49:03.822481,0.5663270105620982,42.111096176141764,,,,,,
Budapest,2025-10-19T06:49:03.823895,0.5663270105620982,42.111096176141764,,,,,,
Zhumadian,2025-10-19T06:49:03.825456,0.5663270105620982,42.111096176141764,,,,,,
Abomey Calavi,2025-10-19T06:49:03.827033,0.5663270105620982,42.111096176141764,,,,,,
Tel Aviv,2025-10-19T06:49:03.828431,0.5663270105620982,42.111096176141764,,,,,,
Wenzhou,2025-10-19T06:49:03.829938,0.5663270105620982,42.111096176141764,,,,,,
Singapore,2025-10-19T06:49:03.831396,0.5663270105620982,42.111096176141764,,,,,,
Thessaloniki,2025-10-19T06:49:03.833099,0.5663270105620982,42.111096176141764,,,,,,
Lahore,2025-10-19T06:49:03.834529,0.5663270105620982,42.111096176141764,,,,,,
Turin,2025-10-19T06:49:03.836000,0.5663270105620982,42.111096176141764,,,,,,
Addis Ababa,2025-10-19T06:49:03.837540,0.5663270105620982,42.111096176141764,,,,,,
Batam,2025-10-19T06:49:03.838933,0.5663270105620982,42.111096176141764,,,,,,
Saltillo,2025-10-19T06:49:03.840441,0.5663270105620982,42.111096176141764,,,,,,
Bunia,2025-10-19T06:49:03.841936,0.5663270105620982,42.111096176141764,,,,,,
Pathum Thani,2025-10-19T06:49:03.843418,0.5663270105620982,42.111096176141764,,,,,,
Kaifeng,2025-10-19T06:49:03.844837,0.5663270105620982,42.111096176141764,,,,,,
Madrid,2025-10-19T06:49:03.846273,0.5663270105620982,42.111096176141764,,,,,,
San Juan,2025-10-19T06:49:03.848000,0.5663270105620982,42.111096176141764,,,,,,
Paris,2025-10-19T06:49:03.849542,0.5663270105620982,42.111096176141764,,,,,,
Bekasi,2025-10-19T06:49:03.851068,0.5663270105620982,42.111096176141764,,,,,,
Samut Prakan,2025-10-19T06:49:03.852567,0.5663270105620982,42.111096176141764,,,,,,
Foshan,2025-10-19T06:49:03.854047,0.5663270105620982,42.111096176141764,,,,,,
Anqiu,2025-10-19T06:49:03.855569,0.5663270105620982,42.111096176141764,,,,,,
Bien Hoa,2025-10-19T06:49:03.857071,0.5663270105620982,42.111096176141764,,,,,,
Taiyuan Shanxi,2025-10-19T06:49:03.858581,0.5663270105620982,42.111096176141764,,,,,,
West Rand,2025-10-19T06:49:03.860021,0.5663270105620982,42.111096176141764,,,,,,
Asmara,2025-10-19T06:49:03.861516,0.5663270105620982,42.111096176141764,,,,,,
Erduosi Ordoss,2025-10-19T06:49:03.863004,0.5663270105620982,42.111096176141764,,,,,,
Langfang,2025-10-19T06:49:03.864522,0.5663270105620982,42.111096176141764,,,,,,
Algiers,2025-10-19T06:49:03.866024,0.5663270105620982,42.111096176141764,,,,,,
Joao Pessoa,2025-10-19T06:49:03.867464,0.5663270105620982,42.111096176141764,,,,,,
Chandigarh,2025-10-19T06:49:03.868873,0.5663270105620982,42.111096176141764,62.30999999999999,81.94,,,,
Agra,2025-10-19T06:49:03.870695,0.5663270105620982,42.111096176141764,,,,,,
Auckland,2025-10-19T06:49:03.872115,0.5663270105620982,42.111096176141764,,,,,,
Malegaon,2025-10-19T06:49:03.873638,0.5663270105620982,42.111096176141764,,,,,,
New Taipei,2025-10-19T06:49:03.875166,0.5663270105620982,42.111096176141764,,,,,,
Guatemala City,2025-10-19T06:49:03.876581,0.5663270105620982,42.111096176141764,,,,,,
Aracaju,2025-10-19T06:49:03.877984,0.5663270105620982,42.111096176141764,,,,,,
Yanji,2025-10-19T06:49:03.879583,0.5663270105620982,42.111096176141764,,,,,,
Mexico City,2025-10-19T06:49:03.881145,0.5663270105620982,42.111096176141764,,,,,,
Kabul,2025-10-19T06:49:03.882593,0.5663270105620982,42.111096176141764,,,,,,
Kayamkulam,2025-10-19T06:49:03.884094,0.5663270105620982,42.111096176141764,,,,,,
Edmonton,2025-10-19T06:49:03.885521,0.5663270105620982,42.111096176141764,,,,,,
Hanoi,2025-10-19T06:49:03.887105,0.5663270105620982,42.111096176141764,,,,,,
Cologne,2025-10-19T06:49:03.888592,0.5663270105620982,42.111096176141764,,,,,,
Bamako,2025-10-19T06:49:03.890006,0.5663270105620982,42.111096176141764,,,,,,
Kunming,2025-10-19T06:49:03.891504,0.5663270105620982,42.111096176141764,,,,,,
Chifeng,2025-10-19T06:49:03.892988,0.5663270105620982,42.111096176141764,,,,,,
Raipur,2025-10-19T06:49:03.894400,0.5663270105620982,42.111096176141764,,,,,,
Kathmandu,2025-10-19T06:49:03.899700,0.5663270105620982,42.111096176141764,,,,,,
Damascus,2025-10-19T06:49:03.902239,0.5663270105620982,42.111096176141764,,,,,,
Chelyabinsk,2025-10-19T06:49:03.903821,0.5663270105620982,42.111096176141764,,,,,,
Ibb,2025-10-19T06:49:03.905475,0.5663270105620982,42.111096176141764,,,,,,
Zhangjiagang,2025-10-19T06:49:03.907270,0.5663270105620982,42.111096176141764,,,,,,
Quanzhou,2025-10-19T06:49:03.909152,0.5663270105620982,42.111096176141764,,,,,,
San Diego,2025-10-19T06:49:03.915078,0.5663270105620982,42.111096176141764,,,,,,
Medina,2025-10-19T06:49:03.918722,0.5663270105620982,42.111096176141764,,,,,,
Baoji,2025-10-19T06:49:03.921110,0.5663270105620982,42.111096176141764,,,,,,
Izmir,2025-10-19T06:49:03.923722,0.5663270105620982,42.111096176141764,,,,,,
Luzhou,2025-10-19T06:49:03.925712,0.5663270105620982,42.111096176141764,,,,,,
Recife,2025-10-19T06:49:03.928784,0.5663270105620982,42.111096176141764,,,,,,
Taixing,2025-10-19T06:49:03.931093,0.5663270105620982,42.111096176141764,,,,,,
Kinshasa,2025-10-19T06:49:03.933257,0.5663270105620982,42.111096176141764,,,,,,
Vancouver,2025-10-19T06:49:03.935179,0.5663270105620982,42.111096176141764,,,,,,
Zurich,2025-10-19T06:49:03.936716,0.5663270105620982,42.111096176141764,,,,,,
Phnom Penh,2025-10-19T06:49:03.938216,0.5663270105620982,42.111096176141764,,,,,,
Wenling,2025-10-19T06:49:03.939700,0.5663270105620982,42.111096176141764,,,,,,
West Yorkshire,2025-10-19T06:49:03.941184,0.5663270105620982,42.111096176141764,,,,,,
Guadalajara,2025-10-19T06:49:03.943043,0.5663270105620982,42.111096176141764,,,,,,
Birmingham,2025-10-19T06:49:03.944642,0.5663270105620982,42.111096176141764,,,,,,
Changde,2025-10-19T06:49:03.946221,0.5663270105620982,42.111096176141764,,,,,,
Kota,2025-10-19T06:49:03.947684,0.5663270105620982,42.111096176141764,,,,,,
Pekan Baru,2025-10-19T06:49:03.949113,0.5663270105620982,42.111096176141764,,,,,,
Cherthala,2025-10-19T06:49:03.950611,0.5663270105620982,42.111096176141764,,,,,,
Sekondi Takoradi,2025-10-19T06:49:03.952187,0.5663270105620982,42.111096176141764,,,,,,
San Salvador,2025-10-19T06:49:03.953612,0.5663270105620982,42.111096176141764,,,,,,
Zhucheng,2025-10-19T06:49:03.955036,0.5663270105620982,42.111096176141764,,,,,,
Perth,2025-10-19T06:49:03.956570,0.5663270105620982,42.111096176141764,,,,,,
Berlin,2025-10-19T06:49:03.958234,0.5663270105620982,42.111096176141764,,,,,,
Barcelona,2025-10-19T06:49:03.959771,0.5663270105620982,42.111096176141764,,,,,,
Ranchi,2025-10-19T06:49:03.961600,0.5663270105620982,42.111096176141764,,,,,,
Kano,2025-10-19T06:49:03.963265,0.5663270105620982,42.111096176141764,,,,,,
Kollam,2025-10-19T06:49:03.964919,0.5663270105620982,42.111096176141764,,,,,,
Jerusalem,2025-10-19T06:49:03.966689,0.5663270105620982,42.111096176141764,,,,,,
Pingdingshan Henan,2025-10-19T06:49:03.968723,0.5663270105620982,42.111096176141764,,,,,,
Bucheon,2025-10-19T06:49:03.970571,0.5663270105620982,42.111096176141764,,,,,,
Krasnodar,2025-10-19T06:49:03.972228,0.5663270105620982,42.111096176141764,,,,,,
Aizawl,2025-10-19T06:49:03.977230,0.5663270105620982,42.111096176141764,52.27,64.08,,,,
Huludao,2025-10-19T06:49:03.983156,0.5663270105620982,42.111096176141764,,,,,,
Guntur,2025-10-19T06:49:03.986600,0.5663270105620982,42.111096176141764,,,,,,
Sao Paulo,2025-10-19T06:49:03.989619,0.5663270105620982,42.111096176141764,,,,,,
Lyon,2025-10-19T06:49:03.991218,0.5663270105620982,42.111096176141764,,,,,,
Perm,2025-10-19T06:49:03.992665,0.5663270105620982,42.111096176141764,,,,,,
Zaozhuang,2025-10-19T06:49:03.994396,0.5663270105620982,42.111096176141764,,,,,,
Nagoya,2025-10-19T06:49:03.996096,0.5663270105620982,42.111096176141764,,,,,,
Nanning,2025-10-19T06:49:03.997655,0.5663270105620982,42.111096176141764,,,,,,
Pingxiang Jiangxi,2025-10-19T06:49:03.999071,0.5663270105620982,42.111096176141764,,,,,,
Bukavu,2025-10-19T06:49:04.000562,0.5663270105620982,42.111096176141764,,,,,,
Ibadan,2025-10-19T06:49:04.002486,0.5663270105620982,42.111096176141764,,,,,,
Naples,2025-10-19T06:49:04.005715,0.5663270105620982,42.111096176141764,,,,,,
Kiev,2025-10-19T06:49:04.007650,0.5663270105620982,42.111096176141764,,,,,,
Samarinda,2025-10-19T06:49:04.009121,0.5663270105620982,42.111096176141764,,,,,,
Jiangyin,2025-10-19T06:49:04.010774,0.5663270105620982,42.111096176141764,,,,,,
Zhuhai,2025-10-19T06:49:04.012432,0.5663270105620982,42.111096176141764,,,,,,
Jakarta,2025-10-19T06:49:04.013971,0.5663270105620982,42.111096176141764,,,,,,
Mangalore,2025-10-19T06:49:04.015430,0.5663270105620982,42.111096176141764,,,,,,
Nottingham,2025-10-19T06:49:04.016977,0.5663270105620982,42.111096176141764,,,,,,
Quetta,2025-10-19T06:49:04.018500,0.5663270105620982,42.111096176141764,,,,,,
Bikaner,2025-10-19T06:49:04.020111,0.5663270105620982,42.111096176141764,,,,,,
Liaocheng,2025-10-19T06:49:04.021656,0.5663270105620982,42.111096176141764,,,,,,
Siliguri,2025-10-19T06:49:04.023202,0.5663270105620982,42.111096176141764,,,,,,
Soshanguve,2025-10-19T06:49:04.024821,0.5663270105620982,42.111096176141764,,,,,,
Huaibei,2025-10-19T06:49:04.026269,0.5663270105620982,42.111096176141764,,,,,,
Yangquan,2025-10-19T06:49:04.027876,0.5663270105620982,42.111096176141764,,,,,,
Firozabad,2025-10-19T06:49:04.029518,0.5663270105620982,42.111096176141764,,,,,,
Tshikapa,2025-10-19T06:49:04.031034,0.5663270105620982,42.111096176141764,,,,,,
Owerri,2025-10-19T06:49:04.032771,0.5663270105620982,42.111096176141764,,,,,,
Chon Buri,2025-10-19T06:49:04.034350,0.5663270105620982,42.111096176141764,,,,,,
Sendai,2025-10-19T06:49:04.036162,0.5663270105620982,42.111096176141764,,,,,,
Lusaka,2025-10-19T06:49:04.037690,0.5663270105620982,42.111096176141764,,,,,,
Valencia,2025-10-19T06:49:04.039218,0.5663270105620982,42.111096176141764,,,,,,
Xiongan,2025-10-19T06:49:04.040768,0.5663270105620982,42.111096176141764,,,,,,
Mombasa,2025-10-19T06:49:04.042301,0.5663270105620982,42.111096176141764,,,,,,
Cucuta,2025-10-19T06:49:04.043807,0.5663270105620982,42.111096176141764,,,,,,
Ar Rayyan,2025-10-19T06:49:04.045318,0.5663270105620982,42.111096176141764,,,,,,
Panama City,2025-10-19T06:49:04.046884,0.5663270105620982,42.111096176141764,,,,,,
Shiraz,2025-10-19T06:49:04.048434,0.5663270105620982,42.111096176141764,,,,,,
Homs,2025-10-19T06:49:04.049954,0.5663270105620982,42.111096176141764,,,,,,
Jilin,2025-10-19T06:49:04.051368,0.5663270105620982,42.111096176141764,,,,,,
Nyala,2025-10-19T06:49:04.053054,0.5663270105620982,42.111096176141764,,,,,,
Oslo,2025-10-19T06:49:04.054623,0.5663270105620982,42.111096176141764,,,,,,
Dhanbad,2025-10-19T06:49:04.056081,0.5663270105620982,42.111096176141764,,,,,,
Jiujiang,2025-10-19T06:49:04.057524,0.5663270105620982,42.111096176141764,,,,,,
Zhuji,2025-10-19T06:49:04.059140,0.5663270105620982,42.111096176141764,,,,,,
Liupanshui,2025-10-19T06:49:04.060859,0.5663270105620982,42.111096176141764,,,,,,
Shantou,2025-10-19T06:49:04.062297,0.5663270105620982,42.111096176141764,,,,,,
Zhangjiakou,2025-10-19T06:49:04.063723,0.5663270105620982,42.111096176141764,,,,,,
Tamale,2025-10-19T06:49:04.065203,0.5663270105620982,42.111096176141764,,,,,,
Mandalay,2025-10-19T06:49:04.066713,0.5663270105620982,42.111096176141764,,,,,,
Taoyuan,2025-10-19T06:49:04.068400,0.5663270105620982,42.111096176141764,,,,,,
Linfen,2025-10-19T06:49:04.069882,0.5663270105620982,42.111096176141764,,,,,,
Urumqi,2025-10-19T06:49:04.071379,0.5663270105620982,42.111096176141764,,,,,,
Port Harcourt,2025-10-19T06:49:04.072875,0.5663270105620982,42.111096176141764,,,,,,
Belgrade,2025-10-19T06:49:04.074350,0.5663270105620982,42.111096176141764,,,,,,
Anshan,2025-10-19T06:49:04.075877,0.5663270105620982,42.111096176141764,,,,,,
Luanda,2025-10-19T06:49:04.077399,0.5663270105620982,42.111096176141764,,,,,,
Managua,2025-10-19T06:49:04.078918,0.5663270105620982,42.111096176141764,,,,,,
Changzhou,2025-10-19T06:49:04.080431,0.5663270105620982,42.111096176141764,,,,,,
Munich,2025-10-19T06:49:04.082029,0.5663270105620982,42.111096176141764,,,,,,
Diyarbakir,2025-10-19T06:49:04.083700,0.5663270105620982,42.111096176141764,,,,,,
Bhiwandi,2025-10-19T06:49:04.085423,0.5663270105620982,42.111096176141764,,,,,,
Oran,2025-10-19T06:49:04.087286,0.5663270105620982,42.111096176141764,,,,,,
Meerut,2025-10-19T06:49:04.088728,0.5663270105620982,42.111096176141764,,,,,,
Marseille,2025-10-19T06:49:04.090310,0.5663270105620982,42.111096176141764,,,,,,
Nanyang Henan,2025-10-19T06:49:04.091977,0.5663270105620982,42.111096176141764,,,,,,
Tijuana,2025-10-19T06:49:04.093478,0.5663270105620982,42.111096176141764,,,,,,
Palembang,2025-10-19T06:49:04.095743,0.5663270105620982,42.111096176141764,,,,,,
Dandong,2025-10-19T06:49:04.098107,0.5663270105620982,42.111096176141764,,,,,,
Mwanza,2025-10-19T06:49:04.101313,0.5663270105620982,42.111096176141764,,,,,,
Manchester,2025-10-19T06:49:04.105133,0.5663270105620982,42.111096176141764,,,,,,
Benxi,2025-10-19T06:49:04.107783,0.5663270105620982,42.111096176141764,,,,,,
Xintai,2025-10-19T06:49:04.110777,0.5663270105620982,42.111096176141764,,,,,,
Bacoor,2025-10-19T06:49:04.113556,0.5663270105620982,42.111096176141764,,,,,,
Taizhou Jiangsu,2025-10-19T06:49:04.116443,0.5663270105620982,42.111096176141764,,,,,,
Niamey,2025-10-19T06:49:04.118617,0.5663270105620982,42.111096176141764,,,,,,
Maracaibo,2025-10-19T06:49:04.121297,0.5663270105620982,42.111096176141764,,,,,,
Matola,2025-10-19T06:49:04.123191,0.5663270105620982,42.111096176141764,,,,,,
Fortaleza,2025-10-19T06:49:04.124793,0.5663270105620982,42.111096176141764,,,,,,
Malappuram,2025-10-19T06:49:04.126444,0.5663270105620982,42.111096176141764,,,,,,
Cuttack,2025-10-19T06:49:04.127899,0.5663270105620982,42.111096176141764,,,,,,
Xi An Shaanxi,2025-10-19T06:49:04.129353,0.5663270105620982,42.111096176141764,,,,,,
Qinhuangdao,2025-10-19T06:49:04.131124,0.5663270105620982,42.111096176141764,,,,,,
Barquisimeto,2025-10-19T06:49:04.134204,0.5663270105620982,42.111096176141764,,,,,,
Benguela,2025-10-19T06:49:04.136208,0.5663270105620982,42.111096176141764,,,,,,
Depok,2025-10-19T06:49:04.138849,0.5663270105620982,42.111096176141764,,,,,,
Samara,2025-10-19T06:49:04.142379,0.5663270105620982,42.111096176141764,,,,,,
Busan,2025-10-19T06:49:04.148362,0.5663270105620982,42.111096176141764,,,,,,
Baotou,2025-10-19T06:49:04.152772,0.5663270105620982,42.111096176141764,,,,,,
Changshu,2025-10-19T06:49:04.156698,0.5663270105620982,42.111096176141764,,,,,,
Frankfurt,2025-10-19T06:49:04.162517,0.5663270105620982,42.111096176141764,,,,,,
Yanan,2025-10-19T06:49:04.166685,0.5663270105620982,42.111096176141764,,,,,,
Fuyang,2025-10-19T06:49:04.170517,0.5663270105620982,42.111096176141764,,,,,,
Xinyang,2025-10-19T06:49:04.174643,0.5663270105620982,42.111096176141764,,,,,,
Vienna,2025-10-19T06:49:04.180564,0.5663270105620982,42.111096176141764,,,,,,
Salem,2025-10-19T06:49:04.184245,0.5663270105620982,42.111096176141764,,,,,,
Dakar,2025-10-19T06:49:04.188182,0.5663270105620982,42.111096176141764,,,,,,
Shenyang,2025-10-19T06:49:04.193372,0.5663270105620982,42.111096176141764,,,,,,
Gaza,2025-10-19T06:49:04.200477,0.5663270105620982,42.111096176141764,,,,,,
Abidjan,2025-10-19T06:49:04.203803,0.5663270105620982,42.111096176141764,,,,,,
Mudanjiang,2025-10-19T06:49:04.206260,0.5663270105620982,42.111096176141764,,,,,,
Bhavnagar,2025-10-19T06:49:04.209607,0.5663270105620982,42.111096176141764,,,,,,
Bologna,2025-10-19T06:49:04.217343,0.5663270105620982,42.111096176141764,,,,,,
Suweon,2025-10-19T06:49:04.220580,0.5663270105620982,42.111096176141764,,,,,,
Vadodara,2025-10-19T06:49:04.224445,0.5663270105620982,42.111096176141764,,,,,,
Zanzibar,2025-10-19T06:49:04.228662,0.5663270105620982,42.111096176141764,,,,,,
Kirkuk,2025-10-19T06:49:04.232205,0.5663270105620982,42.111096176141764,,,,,,
Los Angeles,2025-10-19T06:49:04.236110,0.5663270105620982,42.111096176141764,,,,,,
Datong,2025-10-19T06:49:04.243381,0.5663270105620982,42.111096176141764,,,,,,
Charlotte,2025-10-19T06:49:04.247998,0.5663270105620982,42.111096176141764,,,,,,
Linhai,2025-10-19T06:49:04.251771,0.5663270105620982,42.111096176141764,,,,,,
Lisbon,2025-10-19T06:49:04.254410,0.5663270105620982,42.111096176141764,,,,,,
Gaoxiong,2025-10-19T06:49:04.257584,0.5663270105620982,42.111096176141764,,,,,,
Baghdad,2025-10-19T06:49:04.265127,0.5663270105620982,42.111096176141764,,,,,,
Varanasi,2025-10-19T06:49:04.271608,0.5663270105620982,42.111096176141764,,,,,,
Meishan,2025-10-19T06:49:04.276552,0.5663270105620982,42.111096176141764,,,,,,
Shijiazhuang,2025-10-19T06:49:04.288092,0.5663270105620982,42.111096176141764,,,,,,
Johannesburg,2025-10-19T06:49:04.297911,0.5663270105620982,42.111096176141764,,,,,,
Nanjing,2025-10-19T06:49:04.301181,0.5663270105620982,42.111096176141764,,,,,,
Libreville,2025-10-19T06:49:04.308957,0.5663270105620982,42.111096176141764,,,,,,
Yangon,2025-10-19T06:49:04.317458,0.5663270105620982,42.111096176141764,,,,,,
Chongqing,2025-10-19T06:49:04.322082,0.5663270105620982,42.111096176141764,,,,,,
Hanchuan,2025-10-19T06:49:04.324378,0.5663270105620982,42.111096176141764,,,,,,
Bangalore,2025-10-19T06:49:04.326906,0.5663270105620982,42.111096176141764,62.882000000000005,92.63,251.4906145448142,249.8694515231555,improving,5679.0
Reynosa,2025-10-19T06:49:04.337700,0.5663270105620982,42.111096176141764,,,,,,
Nizhniy Novgorod,2025-10-19T06:49:04.341381,0.5663270105620982,42.111096176141764,,,,,,
Delhi,2025-10-19T06:49:04.344252,0.5663270105620982,42.111096176141764,62.02600000000001,88.62,252.7541918294849,250.62924461811724,improving,5630.0
Huangshi,2025-10-19T06:49:04.356088,0.5663270105620982,42.111096176141764,,,,,,
Kazan,2025-10-19T06:49:04.359808,0.5663270105620982,42.111096176141764,,,,,,
Yuxi,2025-10-19T06:49:04.366609,0.5663270105620982,42.111096176141764,,,,,,
Santo Domingo,2025-10-19T06:49:04.371453,0.5663270105620982,42.111096176141764,,,,,,
Nice,2025-10-19T06:49:04.375738,0.5663270105620982,42.111096176141764,,,,,,
Yuncheng,2025-10-19T06:49:04.382125,0.5663270105620982,42.111096176141764,,,,,,
Amara,2025-10-19T06:49:04.386772,0.5663270105620982,42.111096176141764,,,,,,
Rawalpindi,2025-10-19T06:49:04.389283,0.5663270105620982,42.111096176141764,,,,,,
Qiqihaer,2025-10-19T06:49:04.391232,0.5663270105620982,42.111096176141764,,,,,,
Pizhou,2025-10-19T06:49:04.393977,0.5663270105620982,42.111096176141764,,,,,,
Taizhou Zhejiang,2025-10-19T06:49:04.401640,0.5663270105620982,42.111096176141764,,,,,,
Chenzhou,2025-10-19T06:49:04.404524,0.5663270105620982,42.111096176141764,,,,,,
Cabinda,2025-10-19T06:49:04.408361,0.5663270105620982,42.111096176141764,,,,,,
Volgograd,2025-10-19T06:49:04.414533,0.5663270105620982,42.111096176141764,,,,,,
Hangzhou,2025-10-19T06:49:04.417420,0.5663270105620982,42.111096176141764,,,,,,
Trujillo,2025-10-19T06:49:04.421406,0.5663270105620982,42.111096176141764,,,,,,
Maanshan,2025-10-19T06:49:04.425242,0.5663270105620982,42.111096176141764,,,,,,
Allahabad,2025-10-19T06:49:04.429763,0.5663270105620982,42.111096176141764,,,,,,
Lilongwe,2025-10-19T06:49:04.434378,0.5663270105620982,42.111096176141764,,,,,,
Quzhou,2025-10-19T06:49:04.438889,0.5663270105620982,42.111096176141764,,,,,,
Gorakhpur,2025-10-19T06:49:04.443045,0.5663270105620982,42.111096176141764,,,,,,
Gujranwala,2025-10-19T06:49:04.448539,0.5663270105620982,42.111096176141764,,,,,,
Pretoria,2025-10-19T06:49:04.450806,0.5663270105620982,42.111096176141764,,,,,,
Sapporo,2025-10-19T06:49:04.453277,0.5663270105620982,42.111096176141764,,,,,,
Shimkent,2025-10-19T06:49:04.455209,0.5663270105620982,42.111096176141764,,,,,,
Semarang,2025-10-19T06:49:04.460504,0.5663270105620982,42.111096176141764,,,,,,
Douala,2025-10-19T06:49:04.469195,0.5663270105620982,42.111096176141764,,,,,,
Zhaoqing,2025-10-19T06:49:04.474611,0.5663270105620982,42.111096176141764,,,,,,
Yerevan,2025-10-19T06:49:04.476510,0.5663270105620982,42.111096176141764,,,,,,
Sao Jose Dos Campos,2025-10-19T06:49:04.480992,0.5663270105620982,42.111096176141764,,,,,,
Taian Shandong,2025-10-19T06:49:04.484303,0.5663270105620982,42.111096176141764,,,,,,
Bobo Dioulasso,2025-10-19T06:49:04.486784,0.5663270105620982,42.111096176141764,,,,,,
Warri,2025-10-19T06:49:04.489877,0.5663270105620982,42.111096176141764,,,,,,
Haikou,2025-10-19T06:49:04.494515,0.5663270105620982,42.111096176141764,,,,,,
Shangqiu,2025-10-19T06:49:04.499156,0.5663270105620982,42.111096176141764,,,,,,
Bur Said,2025-10-19T06:49:04.505279,0.5663270105620982,42.111096176141764,,,,,,
Chengdu,2025-10-19T06:49:04.507500,0.5663270105620982,42.111096176141764,,,,,,
Baku,2025-10-19T06:49:04.509782,0.5663270105620982,42.111096176141764,,,,,,
Amritsar,2025-10-19T06:49:04.513756,0.5663270105620982,42.111096176141764,49.246,60.87,,,,
Misratah,2025-10-19T06:49:04.518072,0.5663270105620982,42.111096176141764,,,,,,
Barcelona Puerto La Cruz,2025-10-19T06:49:04.522435,0.5663270105620982,42.111096176141764,,,,,,
Aligarh,2025-10-19T06:49:04.528162,0.5663270105620982,42.111096176141764,,,,,,
Ciudad Juarez,2025-10-19T06:49:04.532909,0.5663270105620982,42.111096176141764,,,,,,
Grande Sao Luis,2025-10-19T06:49:04.538710,0.5663270105620982,42.111096176141764,,,,,,
Basra,2025-10-19T06:49:04.545373,0.5663270105620982,42.111096176141764,,,,,,
Arequipa,2025-10-19T06:49:04.550975,0.5663270105620982,42.111096176141764,,,,,,
Istanbul,2025-10-19T06:49:04.554775,0.5663270105620982,42.111096176141764,,,,,,
Anqing,2025-10-19T06:49:04.557435,0.5663270105620982,42.111096176141764,,,,,,
Minsk,2025-10-19T06:49:04.563266,0.5663270105620982,42.111096176141764,,,,,,
Ad Dammam,2025-10-19T06:49:04.567827,0.5663270105620982,42.111096176141764,,,,,,
Alexandria,2025-10-19T06:49:04.571702,0.5663270105620982,42.111096176141764,,,,,,
Kaduna,2025-10-19T06:49:04.575649,0.5663270105620982,42.111096176141764,,,,,,
Guiping,2025-10-19T06:49:04.581119,0.5663270105620982,42.111096176141764,,,,,,
Eskisehir,2025-10-19T06:49:04.584385,0.5663270105620982,42.111096176141764,,,,,,
Zaria,2025-10-19T06:49:04.588541,0.5663270105620982,42.111096176141764,,,,,,
Guiyang,2025-10-19T06:49:04.593075,0.5663270105620982,42.111096176141764,,,,,,
Rome,2025-10-19T06:49:04.599794,0.5663270105620982,42.111096176141764,,,,,,
Muscat,2025-10-19T06:49:04.606213,0.5663270105620982,42.111096176141764,,,,,,
Ikorodu,2025-10-19T06:49:04.611901,0.5663270105620982,42.111096176141764,,,,,,
Adana,2025-10-19T06:49:04.618773,0.5663270105620982,42.111096176141764,,,,,,
Gaziantep,2025-10-19T06:49:04.625025,0.5663270105620982,42.111096176141764,,,,,,
Antipolo,2025-10-19T06:49:04.632699,0.5663270105620982,42.111096176141764,,,,,,
Seoul,2025-10-19T06:49:04.638133,0.5663270105620982,42.111096176141764,,,,,,
Tbilisi,2025-10-19T06:49:04.641977,0.5663270105620982,42.111096176141764,,,,,,
Patna,2025-10-19T06:49:04.648878,0.5663270105620982,42.111096176141764,51.251999999999995,65.17,,,,
Philadelphia,2025-10-19T06:49:04.655997,0.5663270105620982,42.111096176141764,,,,,,
Da Nang,2025-10-19T06:49:04.662918,0.5663270105620982,42.111096176141764,,,,,,
Brasilia,2025-10-19T06:49:04.666442,0.5663270105620982,42.111096176141764,,,,,,
Yekaterinburg,2025-10-19T06:49:04.672861,0.5663270105620982,42.111096176141764,,,,,,
Dongtai,2025-10-19T06:49:04.680649,0.5663270105620982,42.111096176141764,,,,,,
Xiangyang,2025-10-19T06:49:04.685461,0.5663270105620982,42.111096176141764,,,,,,
Bangui,2025-10-19T06:49:04.691186,0.5663270105620982,42.111096176141764,,,,,,
Luoyang,2025-10-19T06:49:04.698250,0.5663270105620982,42.111096176141764,,,,,,
Hermosillo,2025-10-19T06:49:04.702939,0.5663270105620982,42.111096176141764,,,,,,
Thrissur,2025-10-19T06:49:04.706708,0.5663270105620982,42.111096176141764,,,,,,
San Antonio,2025-10-19T06:49:04.711909,0.5663270105620982,42.111096176141764,,,,,,
Mosul,2025-10-19T06:49:04.715471,0.5663270105620982,42.111096176141764,,,,,,
Adelaide,2025-10-19T06:49:04.720305,0.5663270105620982,42.111096176141764,,,,,,
Xuchang,2025-10-19T06:49:04.723913,0.5663270105620982,42.111096176141764,,,,,,
Ouagadougou,2025-10-19T06:49:04.732188,0.5663270105620982,42.111096176141764,,,,,,
Daqing,2025-10-19T06:49:04.735937,0.5663270105620982,42.111096176141764,,,,,,
Huaian,2025-10-19T06:49:04.740169,0.5663270105620982,42.111096176141764,,,,,,
Wuxi,2025-10-19T06:49:04.745461,0.5663270105620982,42.111096176141764,,,,,,
Concepcion,2025-10-19T06:49:04.752558,0.5663270105620982,42.111096176141764,,,,,,
Zhanjiang,2025-10-19T06:49:04.758983,0.5663270105620982,42.111096176141764,,,,,,
Ahvaz,2025-10-19T06:49:04.764365,0.5663270105620982,42.111096176141764,,,,,,
Amaravati,2025-10-19T06:49:04.769105,0.5663270105620982,42.111096176141764,64.062,83.55,,,,
Jiddah,2025-10-19T06:49:04.773992,0.5663270105620982,42.111096176141764,,,,,,
Toulouse,2025-10-19T06:49:04.780547,0.5663270105620982,42.111096176141764,,,,,,
Bishkek,2025-10-19T06:49:04.785241,0.5663270105620982,42.111096176141764,,,,,,
Calgary,2025-10-19T06:49:04.789287,0.5663270105620982,42.111096176141764,,,,,,
Yaounde,2025-10-19T06:49:04.792916,0.5663270105620982,42.111096176141764,,,,,,
Maiduguri,2025-10-19T06:49:04.797862,0.5663270105620982,42.111096176141764,,,,,,
Prague,2025-10-19T06:49:04.800201,0.5663270105620982,42.111096176141764,,,,,,
Novosibirsk,2025-10-19T06:49:04.804730,0.5663270105620982,42.111096176141764,,,,,,
Florianopolis,2025-10-19T06:49:04.808846,0.5663270105620982,42.111096176141764,,,,,,
Dazhou,2025-10-19T06:49:04.814067,0.5663270105620982,42.111096176141764,,,,,,
Merca,2025-10-19T06:49:04.817326,0.5663270105620982,42.111096176141764,,,,,,
Freetown,2025-10-19T06:49:04.822200,0.5663270105620982,42.111096176141764,,,,,,
Wuhan,2025-10-19T06:49:04.825023,0.5663270105620982,42.111096176141764,,,,,,
Huizhou,2025-10-19T06:49:04.829749,0.5663270105620982,42.111096176141764,,,,,,
Nanchang,2025-10-19T06:49:04.833965,0.5663270105620982,42.111096176141764,,,,,,
Bucharest,2025-10-19T06:49:04.838600,0.5663270105620982,42.111096176141764,,,,,,
Haifa,2025-10-19T06:49:04.842916,0.5663270105620982,42.111096176141764,,,,,,
Joinville,2025-10-19T06:49:04.848435,0.5663270105620982,42.111096176141764,,,,,,
Kermanshah,2025-10-19T06:49:04.853158,0.5663270105620982,42.111096176141764,,,,,,
Ilorin,2025-10-19T06:49:04.857605,0.5663270105620982,42.111096176141764,,,,,,
Tiruppur,2025-10-19T06:49:04.863412,0.5663270105620982,42.111096176141764,,,,,,
Rizhao,2025-10-19T06:49:04.867066,0.5663270105620982,42.111096176141764,,,,,,
Bucaramanga,2025-10-19T06:49:04.871655,0.5663270105620982,42.111096176141764,,,,,,
Ekurhuleni,2025-10-19T06:49:04.875858,0.5663270105620982,42.111096176141764,,,,,,
Bombay,2025-10-19T06:49:04.881244,0.5663270105620982,42.111096176141764,61.193999999999996,86.32,250.6898904206433,250.11992138564864,declining,5658.0
Glasgow,2025-10-19T06:49:04.889088,0.5663270105620982,42.111096176141764,,,,,,
Natal,2025-10-19T06:49:04.894404,0.5663270105620982,42.111096176141764,,,,,,
Can Tho,2025-10-19T06:49:04.900723,0.5663270105620982,42.111096176141764,,,,,,
New York,2025-10-19T06:49:04.905437,0.5663270105620982,42.111096176141764,,,,,,
Huzhou,2025-10-19T06:49:04.911121,0.5663270105620982,42.111096176141764,,,,,,
Huaihua,2025-10-19T06:49:04.915241,0.5663270105620982,42.111096176141764,,,,,,
Luohe,2025-10-19T06:49:04.918246,0.5663270105620982,42.111096176141764,,,,,,
Guwahati,2025-10-19T06:49:04.921152,0.5663270105620982,42.111096176141764,49.82000000000001,61.15,,,,
Rajkot,2025-10-19T06:49:04.924234,0.5663270105620982,42.111096176141764,,,,,,
Yiwu,2025-10-19T06:49:04.927119,0.5663270105620982,42.111096176141764,,,,,,
Daegu,2025-10-19T06:49:04.931438,0.5663270105620982,42.111096176141764,,,,,,
Cancun,2025-10-19T06:49:04.936127,0.5663270105620982,42.111096176141764,,,,,,
Rabat,2025-10-19T06:49:04.940502,0.5663270105620982,42.111096176141764,,,,,,
Jos,2025-10-19T06:49:04.945973,0.5663270105620982,42.111096176141764,,,,,,
Saharanpur,2025-10-19T06:49:04.949814,0.5663270105620982,42.111096176141764,,,,,,
Hamah,2025-10-19T06:49:04.953843,0.5663270105620982,42.111096176141764,,,,,,
Rotterdam,2025-10-19T06:49:04.958206,0.5663270105620982,42.111096176141764,,,,,,
Weihai,2025-10-19T06:49:04.964476,0.5663270105620982,42.111096176141764,,,,,,
Liverpool,2025-10-19T06:49:04.967870,0.5663270105620982,42.111096176141764,,,,,,
Vijayawada,2025-10-19T06:49:04.972277,0.5663270105620982,42.111096176141764,,,,,,
Jaipur,2025-10-19T06:49:04.976267,0.5663270105620982,42.111096176141764,56.272000000000006,70.91,,,,
Aba,2025-10-19T06:49:04.982253,0.5663270105620982,42.111096176141764,,,,,,
Akure,2025-10-19T06:49:04.984754,0.5663270105620982,42.111096176141764,,,,,,
Aguascalientes,2025-10-19T06:49:04.987430,0.5663270105620982,42.111096176141764,,,,,,
Binzhou,2025-10-19T06:49:04.990937,0.5663270105620982,42.111096176141764,,,,,,
Cochabamba,2025-10-19T06:49:04.996757,0.5663270105620982,42.111096176141764,,,,,,
Orumiyeh,2025-10-19T06:49:05.000698,0.5663270105620982,42.111096176141764,,,,,,
Panzhihua,2025-10-19T06:49:05.008071,0.5663270105620982,42.111096176141764,,,,,,
Xinyu,2025-10-19T06:49:05.013793,0.5663270105620982,42.111096176141764,,,,,,
Jieyang,2025-10-19T06:49:05.019501,0.5663270105620982,42.111096176141764,,,,,,
Davao City,2025-10-19T06:49:05.024185,0.5663270105620982,42.111096176141764,,,,,,
Makassar,2025-10-19T06:49:05.029705,0.5663270105620982,42.111096176141764,,,,,,
Amsterdam,2025-10-19T06:49:05.032937,0.5663270105620982,42.111096176141764,,,,,,
Buenos Aires,2025-10-19T06:49:05.036674,0.5663270105620982,42.111096176141764,,,,,,
Jinzhou,2025-10-19T06:49:05.041346,0.5663270105620982,42.111096176141764,,,,,,
Zhengzhou,2025-10-19T06:49:05.046647,0.5663270105620982,42.111096176141764,,,,,,
Kuwait City,2025-10-19T06:49:05.050275,0.5663270105620982,42.111096176141764,,,,,,
Multan,2025-10-19T06:49:05.052275,0.5663270105620982,42.111096176141764,,,,,,
Bazhong,2025-10-19T06:49:05.055370,0.5663270105620982,42.111096176141764,,,,,,
Blantyre Limbe,2025-10-19T06:49:05.058191,0.5663270105620982,42.111096176141764,,,,,,
Uyo,2025-10-19T06:49:05.062370,0.5663270105620982,42.111096176141764,,,,,,
Goyang,2025-10-19T06:49:05.065180,0.5663270105620982,42.111096176141764,,,,,,
Dehradun,2025-10-19T06:49:05.067609,0.5663270105620982,42.111096176141764,,,,,,
Chiang Mai,2025-10-19T06:49:05.069773,0.5663270105620982,42.111096176141764,,,,,,
Nampula,2025-10-19T06:49:05.071944,0.5663270105620982,42.111096176141764,,,,,,
Umuahia,2025-10-19T06:49:05.073806,0.5663270105620982,42.111096176141764,,,,,,
Liuzhou,2025-10-19T06:49:05.075726,0.5663270105620982,42.111096176141764,,,,,,
Campo Grande,2025-10-19T06:49:05.078912,0.5663270105620982,42.111096176141764,,,,,,
Caracas,2025-10-19T06:49:05.081847,0.5663270105620982,42.111096176141764,,,,,,
Sharjah,2025-10-19T06:49:05.083906,0.5663270105620982,42.111096176141764,,,,,,
Yueqing,2025-10-19T06:49:05.085608,0.5663270105620982,42.111096176141764,,,,,,
Tuxtla Gutierrez,2025-10-19T06:49:05.087249,0.5663270105620982,42.111096176141764,,,,,,
Kitwe,2025-10-19T06:49:05.089335,0.5663270105620982,42.111096176141764,,,,,,
Anyang,2025-10-19T06:49:05.091067,0.5663270105620982,42.111096176141764,,,,,,
Bangkok,2025-10-19T06:49:05.092698,0.5663270105620982,42.111096176141764,,,,,,
Mexicali,2025-10-19T06:49:05.096366,0.5663270105620982,42.111096176141764,,,,,,
Putian,2025-10-19T06:49:05.099667,0.5663270105620982,42.111096176141764,,,,,,
Sydney,2025-10-19T06:49:05.103048,0.5663270105620982,42.111096176141764,,,,,,
Hefei,2025-10-19T06:49:05.106299,0.5663270105620982,42.111096176141764,,,,,,
Santiago,2025-10-19T06:49:05.111225,0.5663270105620982,42.111096176141764,,,,,,
Yichang,2025-10-19T06:49:05.114537,0.5663270105620982,42.111096176141764,,,,,,
Toronto,2025-10-19T06:49:05.116676,0.5663270105620982,42.111096176141764,,,,,,
Kayseri,2025-10-19T06:49:05.118874,0.5663270105620982,42.111096176141764,,,,,,
Wuhu Anhui,2025-10-19T06:49:05.120599,0.5663270105620982,42.111096176141764,,,,,,
Maturin,2025-10-19T06:49:05.122314,0.5663270105620982,42.111096176141764,,,,,,
Daejon,2025-10-19T06:49:05.123941,0.5663270105620982,42.111096176141764,,,,,,
Onitsha,2025-10-19T06:49:05.125550,0.5663270105620982,42.111096176141764,,,,,,
Yingkou,2025-10-19T06:49:05.128654,0.5663270105620982,42.111096176141764,,,,,,
Hyderabad,2025-10-19T06:49:05.131324,0.5663270105620982,42.111096176141764,63.272000000000006,86.82,,,,
Taizhong,2025-10-19T06:49:05.133571,0.5663270105620982,42.111096176141764,,,,,,
La Paz,2025-10-19T06:49:05.135250,0.5663270105620982,42.111096176141764,,,,,,
Helsinki,2025-10-19T06:49:05.136861,0.5663270105620982,42.111096176141764,,,,,,
Casablanca,2025-10-19T06:49:05.138564,0.5663270105620982,42.111096176141764,,,,,,
Liuan,2025-10-19T06:49:05.140148,0.5663270105620982,42.111096176141764,,,,,,
Riyadh,2025-10-19T06:49:05.141809,0.5663270105620982,42.111096176141764,,,,,,
Zamboanga City,2025-10-19T06:49:05.144635,0.5663270105620982,42.111096176141764,,,,,,
Gebze,2025-10-19T06:49:05.147316,0.5663270105620982,42.111096176141764,,,,,,
Bhopal,2025-10-19T06:49:05.149090,0.5663270105620982,42.111096176141764,55.59400000000001,71.58,,,,
Chengde,2025-10-19T06:49:05.151456,0.5663270105620982,42.111096176141764,,,,,,
Kanpur,2025-10-19T06:49:05.153068,0.5663270105620982,42.111096176141764,62.221999999999994,81.59,,,,
Bhubaneswar,2025-10-19T06:49:05.155125,0.5663270105620982,42.111096176141764,,,,,,
Monterrey,2025-10-19T06:49:05.156766,0.5663270105620982,42.111096176141764,,,,,,
Linyi Shandong,2025-10-19T06:49:05.158409,0.5663270105620982,42.111096176141764,,,,,,
Handan,2025-10-19T06:49:05.163381,0.5663270105620982,42.111096176141764,,,,,,
Indore,2025-10-19T06:49:05.165155,0.5663270105620982,42.111096176141764,,,,,,
Taipei,2025-10-19T06:49:05.166822,0.5663270105620982,42.111096176141764,,,,,,
Hargeysa,2025-10-19T06:49:05.168528,0.5663270105620982,42.111096176141764,,,,,,
Hengshui,2025-10-19T06:49:05.170178,0.5663270105620982,42.111096176141764,,,,,,
Tabriz,2025-10-19T06:49:05.171867,0.5663270105620982,42.111096176141764,,,,,,
Hohhot,2025-10-19T06:49:05.173571,0.5663270105620982,42.111096176141764,,,,,,
Xinxiang,2025-10-19T06:49:05.175523,0.5663270105620982,42.111096176141764,,,,,,
Lianyungang,2025-10-19T06:49:05.180044,0.5663270105620982,42.111096176141764,,,,,,
Cordoba,2025-10-19T06:49:05.183933,0.5663270105620982,42.111096176141764,,,,,,
Karaj,2025-10-19T06:49:05.187933,0.5663270105620982,42.111096176141764,,,,,,
Zunyi,2025-10-19T06:49:05.192711,0.5663270105620982,42.111096176141764,,,,,,
Zarqa,2025-10-19T06:49:05.197070,0.5663270105620982,42.111096176141764,,,,,,
Bogra,2025-10-19T06:49:05.200870,0.5663270105620982,42.111096176141764,,,,,,
Jalandhar,2025-10-19T06:49:05.205285,0.5663270105620982,42.111096176141764,,,,,,
Qingdao,2025-10-19T06:49:05.209161,0.5663270105620982,42.111096176141764,,,,,,
Brazzaville,2025-10-19T06:49:05.214271,0.5663270105620982,42.111096176141764,,,,,,
Antalya,2025-10-19T06:49:05.219693,0.5663270105620982,42.111096176141764,,,,,,
Incheon,2025-10-19T06:49:05.225021,0.5663270105620982,42.111096176141764,,,,,,
Warsaw,2025-10-19T06:49:05.230837,0.5663270105620982,42.111096176141764,,,,,,
Omsk,2025-10-19T06:49:05.234293,0.5663270105620982,42.111096176141764,,,,,,
Grande Vitoria,2025-10-19T06:49:05.237705,0.5663270105620982,42.111096176141764,,,,,,
Maceio,2025-10-19T06:49:05.242450,0.5663270105620982,42.111096176141764,,,,,,
Changzhi,2025-10-19T06:49:05.247322,0.5663270105620982,42.111096176141764,,,,,,
Shangrao,2025-10-19T06:49:05.250717,0.5663270105620982,42.111096176141764,,,,,,
Shillong,2025-10-19T06:49:05.255651,0.5663270105620982,42.111096176141764,49.636,62.46,,,,
Dongying,2025-10-19T06:49:05.262890,0.5663270105620982,42.111096176141764,,,,,,
Gaomi,2025-10-19T06:49:05.266151,0.5663270105620982,42.111096176141764,,,,,,
Brisbane,2025-10-19T06:49:05.269617,0.5663270105620982,42.111096176141764,,,,,,
Palermo,2025-10-19T06:49:05.274533,0.5663270105620982,42.111096176141764,,,,,,
Huainan,2025-10-19T06:49:05.280079,0.5663270105620982,42.111096176141764,,,,,,
Nagpur,2025-10-19T06:49:05.283873,0.5663270105620982,42.111096176141764,,,,,,
Bareilly,2025-10-19T06:49:05.287096,0.5663270105620982,42.111096176141764,,,,,,
Durg Bhilainagar,2025-10-19T06:49:05.290407,0.5663270105620982,42.111096176141764,,,,,,
Puebla,2025-10-19T06:49:05.293807,0.5663270105620982,42.111096176141764,,,,,,
Antwerp,2025-10-19T06:49:05.297548,0.5663270105620982,42.111096176141764,,,,,,
Liling,2025-10-19T06:49:05.302210,0.5663270105620982,42.111096176141764,,,,,,
Acapulco De Juarez,2025-10-19T06:49:05.307192,0.5663270105620982,42.111096176141764,,,,,,
Abuja,2025-10-19T06:49:05.313485,0.5663270105620982,42.111096176141764,,,,,,
Dar Es Salaam,2025-10-19T06:49:05.316921,0.5663270105620982,42.111096176141764,,,,,,
Tianjin,2025-10-19T06:49:05.321240,0.5663270105620982,42.111096176141764,,,,,,
Xalapa,2025-10-19T06:49:05.325558,0.5663270105620982,42.111096176141764,,,,,,
Ji Nan Shandong,2025-10-19T06:49:05.330601,0.5663270105620982,42.111096176141764,,,,,,
Tanger,2025-10-19T06:49:05.335558,0.5663270105620982,42.111096176141764,,,,,,
Austin,2025-10-19T06:49:05.340044,0.5663270105620982,42.111096176141764,,,,,,
Phoenix,2025-10-19T06:49:05.345432,0.5663270105620982,42.111096176141764,,,,,,
Rajshahi,2025-10-19T06:49:05.349216,0.5663270105620982,42.111096176141764,,,,,,
Nashik,2025-10-19T06:49:05.352107,0.5663270105620982,42.111096176141764,63.06199999999999,83.98,,,,
Fuxin,2025-10-19T06:49:05.356828,0.5663270105620982,42.111096176141764,,,,,,
Xianyang Shaanxi,2025-10-19T06:49:05.362019,0.5663270105620982,42.111096176141764,,,,,,
Jinhua,2025-10-19T06:49:05.367769,0.5663270105620982,42.111096176141764,,,,,,
Konya,2025-10-19T06:49:05.372913,0.5663270105620982,42.111096176141764,,,,,,
Tianmen,2025-10-19T06:49:05.377228,0.5663270105620982,42.111096176141764,,,,,,
Mogadishu,2025-10-19T06:49:05.381829,0.5663270105620982,42.111096176141764,,,,,,
Manila,2025-10-19T06:49:05.385871,0.5663270105620982,42.111096176141764,,,,,,
Ashgabat,2025-10-19T06:49:05.389156,0.5663270105620982,42.111096176141764,,,,,,
Yongzhou,2025-10-19T06:49:05.392573,0.5663270105620982,42.111096176141764,,,,,,
Sorocaba,2025-10-19T06:49:05.398200,0.5663270105620982,42.111096176141764,,,,,,
Chaozhou,2025-10-19T06:49:05.403063,0.5663270105620982,42.111096176141764,,,,,,
Dubai,2025-10-19T06:49:05.407342,0.5663270105620982,42.111096176141764,,,,,,
Yancheng Jiangsu,2025-10-19T06:49:05.411870,0.5663270105620982,42.111096176141764,,,,,,
Kunshan,2025-10-19T06:49:05.418031,0.5663270105620982,42.111096176141764,,,,,,
Saratov,2025-10-19T06:49:05.421638,0.5663270105620982,42.111096176141764,,,,,,
Baishan,2025-10-19T06:49:05.426756,0.5663270105620982,42.111096176141764,,,,,,
Krakow,2025-10-19T06:49:05.430172,0.5663270105620982,42.111096176141764,,,,,,
San Luis Potosi,2025-10-19T06:49:05.434474,0.5663270105620982,42.111096176141764,,,,,,
Wuzhou,2025-10-19T06:49:05.439309,0.5663270105620982,42.111096176141764,,,,,,
Tegucigalpa,2025-10-19T06:49:05.443896,0.5663270105620982,42.111096176141764,,,,,,
Lubumbashi,2025-10-19T06:49:05.448181,0.5663270105620982,42.111096176141764,,,,,,
Fes,2025-10-19T06:49:05.452372,0.5663270105620982,42.111096176141764,,,,,,
Zhongshan,2025-10-19T06:49:05.456441,0.5663270105620982,42.111096176141764,,,,,,
Ho Chi Minh City,2025-10-19T06:49:05.460855,0.5663270105620982,42.111096176141764,,,,,,
Chittagong,2025-10-19T06:49:05.464700,0.5663270105620982,42.111096176141764,,,,,,
Pune,2025-10-19T06:49:05.468168,0.5663270105620982,42.111096176141764,,,,,,
Lanzhou,2025-10-19T06:49:05.471779,0.5663270105620982,42.111096176141764,,,,,,
Rostov on Don,2025-10-19T06:49:05.474871,0.5663270105620982,42.111096176141764,,,,,,
Nellore,2025-10-19T06:49:05.477475,0.5663270105620982,42.111096176141764,,,,,,
Yangzhou,2025-10-19T06:49:05.479832,0.5663270105620982,42.111096176141764,,,,,,
Vereeniging,2025-10-19T06:49:05.482315,0.5663270105620982,42.111096176141764,,,,,,
Mysore,2025-10-19T06:49:05.484153,0.5663270105620982,42.111096176141764,,,,,,
Ansan,2025-10-19T06:49:05.486309,0.5663270105620982,42.111096176141764,,,,,,
Goiania,2025-10-19T06:49:05.488345,0.5663270105620982,42.111096176141764,,,,,,
Fuzhou Jiangxi,2025-10-19T06:49:05.489883,0.5663270105620982,42.111096176141764,,,,,,
La Laguna,2025-10-19T06:49:05.492040,0.5663270105620982,42.111096176141764,,,,,,
Moscow,2025-10-19T06:49:05.494409,0.5663270105620982,42.111096176141764,,,,,,
Londrina,2025-10-19T06:49:05.496240,0.5663270105620982,42.111096176141764,,,,,,
Barranquilla,2025-10-19T06:49:05.497930,0.5663270105620982,42.111096176141764,,,,,,
Suining Sichuan,2025-10-19T06:49:05.499834,0.5663270105620982,42.111096176141764,,,,,,
Al Hudaydah,2025-10-19T06:49:05.502090,0.5663270105620982,42.111096176141764,,,,,,
Jorapokhar,2025-10-19T06:49:05.503705,0.5663270105620982,42.111096176141764,62.156000000000006,77.29,,,,
Surat,2025-10-19T06:49:05.505793,0.5663270105620982,42.111096176141764,61.903999999999996,76.34,,,,
Hai Phong,2025-10-19T06:49:05.508647,0.5663270105620982,42.111096176141764,,,,,,
Quebec City,2025-10-19T06:49:05.510528,0.5663270105620982,42.111096176141764,,,,,,
Banghazi,2025-10-19T06:49:05.512358,0.5663270105620982,42.111096176141764,,,,,,
Suqian,2025-10-19T06:49:05.514165,0.5663270105620982,42.111096176141764,,,,,,
Qujing,2025-10-19T06:49:05.516330,0.5663270105620982,42.111096176141764,,,,,,
Antananarivo,2025-10-19T06:49:05.518151,0.5663270105620982,42.111096176141764,,,,,,
Hamilton,2025-10-19T06:49:05.519666,0.5663270105620982,42.111096176141764,,,,,,
Shaoyang,2025-10-19T06:49:05.521308,0.5663270105620982,42.111096176141764,,,,,,
Queretaro,2025-10-19T06:49:05.523748,0.5663270105620982,42.111096176141764,,,,,,
Trivandrum,2025-10-19T06:49:05.525502,0.5663270105620982,42.111096176141764,61.706,76.59,,,,
Guangzhou,2025-10-19T06:49:05.527802,0.5663270105620982,42.111096176141764,,,,,,
Osaka,2025-10-19T06:49:05.530505,0.5663270105620982,42.111096176141764,,,,,,
Khartoum,2025-10-19T06:49:05.532261,0.5663270105620982,42.111096176141764,,,,,,
Santa Cruz,2025-10-19T06:49:05.534805,0.5663270105620982,42.111096176141764,,,,,,
Sanaa,2025-10-19T06:49:05.537133,0.5663270105620982,42.111096176141764,,,,,,
Yinchuan,2025-10-19T06:49:05.539447,0.5663270105620982,42.111096176141764,,,,,,
Bandung,2025-10-19T06:49:05.541235,0.5663270105620982,42.111096176141764,,,,,,
Ribeirao Preto,2025-10-19T06:49:05.542982,0.5663270105620982,42.111096176141764,,,,,,
Coimbatore,2025-10-19T06:49:05.545266,0.5663270105620982,42.111096176141764,55.86800000000001,74.42,,,,
Mersin,2025-10-19T06:49:05.547967,0.5663270105620982,42.111096176141764,,,,,,
Yantai,2025-10-19T06:49:05.551642,0.5663270105620982,42.111096176141764,,,,,,
Kuerle,2025-10-19T06:49:05.553954,0.5663270105620982,42.111096176141764,,,,,,
Cixi,2025-10-19T06:49:05.555681,0.5663270105620982,42.111096176141764,,,,,,
Winnipeg,2025-10-19T06:49:05.557654,0.5663270105620982,42.111096176141764,,,,,,
Sialkot,2025-10-19T06:49:05.560122,0.5663270105620982,42.111096176141764,,,,,,
Padang,2025-10-19T06:49:05.563673,0.5663270105620982,42.111096176141764,,,,,,
Karachi,2025-10-19T06:49:05.566518,0.5663270105620982,42.111096176141764,,,,,,
Sylhet,2025-10-19T06:49:05.569155,0.5663270105620982,42.111096176141764,,,,,,
Cartagena,2025-10-19T06:49:05.570974,0.5663270105620982,42.111096176141764,,,,,,
Asansol,2025-10-19T06:49:05.573397,0.5663270105620982,42.111096176141764,,,,,,
Chicago,2025-10-19T06:49:05.575035,0.5663270105620982,42.111096176141764,,,,,,
Lille,2025-10-19T06:49:05.577371,0.5663270105620982,42.111096176141764,,,,,,
Kozhikode,2025-10-19T06:49:05.581419,0.5663270105620982,42.111096176141764,,,,,,
Saint Petersburg,2025-10-19T06:49:05.585645,0.5663270105620982,42.111096176141764,,,,,,
Abu Dhabi,2025-10-19T06:49:05.589885,0.5663270105620982,42.111096176141764,,,,,,
Rio De Janeiro,2025-10-19T06:49:05.594163,0.5663270105620982,42.111096176141764,,,,,,
Bandar Lampung,2025-10-19T06:49:05.597851,0.5663270105620982,42.111096176141764,,,,,,
Jingzhou Hubei,2025-10-19T06:49:05.601040,0.5663270105620982,42.111096176141764,,,,,,
Amravati,2025-10-19T06:49:05.603441,0.5663270105620982,42.111096176141764,,,,,,
Jacksonville,2025-10-19T06:49:05.605294,0.5663270105620982,42.111096176141764,,,,,,
San Jose,2025-10-19T06:49:05.607423,0.5663270105620982,42.111096176141764,,,,,,
Dezhou,2025-10-19T06:49:05.610381,0.5663270105620982,42.111096176141764,,,,,,
Banjarmasin,2025-10-19T06:49:05.615630,0.5663270105620982,42.111096176141764,,,,,,
Jiamusi,2025-10-19T06:49:05.618602,0.5663270105620982,42.111096176141764,,,,,,
Tripoli,2025-10-19T06:49:05.621428,0.5663270105620982,42.111096176141764,,,,,,
Dasmarinas,2025-10-19T06:49:05.624376,0.5663270105620982,42.111096176141764,,,,,,
Tongling,2025-10-19T06:49:05.626588,0.5663270105620982,42.111096176141764,,,,,,
Cape Town,2025-10-19T06:49:05.629977,0.5663270105620982,42.111096176141764,,,,,,
Moradabad,2025-10-19T06:49:05.632037,0.5663270105620982,42.111096176141764,,,,,,
Liaoyang,2025-10-19T06:49:05.633890,0.5663270105620982,42.111096176141764,,,,,,
Zhangzhou,2025-10-19T06:49:05.635760,0.5663270105620982,42.111096176141764,,,,,,
Surabaya,2025-10-19T06:49:05.637355,0.5663270105620982,42.111096176141764,,,,,,
Hamburg,2025-10-19T06:49:05.638950,0.5663270105620982,42.111096176141764,,,,,,
Liuyang,2025-10-19T06:49:05.640830,0.5663270105620982,42.111096176141764,,,,,,
Southampton,2025-10-19T06:49:05.642406,0.5663270105620982,42.111096176141764,,,,,,
Culiacan,2025-10-19T06:49:05.644298,0.5663270105620982,42.111096176141764,,,,,,
Nakhon Ratchasima,2025-10-19T06:49:05.645897,0.5663270105620982,42.111096176141764,,,,,,
Toluca De Lerdo,2025-10-19T06:49:05.647386,0.5663270105620982,42.111096176141764,,,,,,
Maoming,2025-10-19T06:49:05.649183,0.5663270105620982,42.111096176141764,,,,,,
Dongguan,2025-10-19T06:49:05.650686,0.5663270105620982,42.111096176141764,,,,,,
Gwangju,2025-10-19T06:49:05.652260,0.5663270105620982,42.111096176141764,,,,,,
Amman,2025-10-19T06:49:05.653812,0.5663270105620982,42.111096176141764,,,,,,
Solapur,2025-10-19T06:49:05.655778,0.5663270105620982,42.111096176141764,,,,,,
Ciudad Guayana,2025-10-19T06:49:05.659802,0.5663270105620982,42.111096176141764,,,,,,
Jiaxing,2025-10-19T06:49:05.663512,0.5663270105620982,42.111096176141764,,,,,,
Nanchong,2025-10-19T06:49:05.667397,0.5663270105620982,42.111096176141764,,,,,,
Puning,2025-10-19T06:49:05.671625,0.5663270105620982,42.111096176141764,,,,,,
Dengzhou,2025-10-19T06:49:05.675432,0.5663270105620982,42.111096176141764,,,,,,
Medan,2025-10-19T06:49:05.679360,0.5663270105620982,42.111096176141764,,,,,,
Nanded Waghala,2025-10-19T06:49:05.683225,0.5663270105620982,42.111096176141764,,,,,,
Faisalabad,2025-10-19T06:49:05.687171,0.5663270105620982,42.111096176141764,,,,,,
Tokyo,2025-10-19T06:49:05.691630,0.5663270105620982,42.111096176141764,,,,,,
Sofia,2025-10-19T06:49:05.695785,0.5663270105620982,42.111096176141764,,,,,,
Beirut,2025-10-19T06:49:05.699769,0.5663270105620982,42.111096176141764,,,,,,
Bursa,2025-10-19T06:49:05.704788,0.5663270105620982,42.111096176141764,,,,,,
Dushanbe,2025-10-19T06:49:05.708794,0.5663270105620982,42.111096176141764,,,,,,
San Miguel De Tucuman,2025-10-19T06:49:05.712812,0.5663270105620982,42.111096176141764,,,,,,
Shaoguan,2025-10-19T06:49:05.716614,0.5663270105620982,42.111096176141764,,,,,,
Jiangmen,2025-10-19T06:49:05.722401,0.5663270105620982,42.111096176141764,,,,,,
Ufa,2025-10-19T06:49:05.727088,0.5663270105620982,42.111096176141764,,,,,,
Baixada Santista,2025-10-19T06:49:05.731129,0.5663270105620982,42.111096176141764,,,,,,
Seattle,2025-10-19T06:49:05.736798,0.5663270105620982,42.111096176141764,,,,,,
Lubango,2025-10-19T06:49:05.741058,0.5663270105620982,42.111096176141764,,,,,,
Lokoja,2025-10-19T06:49:05.745588,0.5663270105620982,42.111096176141764,,,,,,
Denpasar,2025-10-19T06:49:05.750229,0.5663270105620982,42.111096176141764,,,,,,
Aden,2025-10-19T06:49:05.755985,0.5663270105620982,42.111096176141764,,,,,,
Milan,2025-10-19T06:49:05.760071,0.5663270105620982,42.111096176141764,,,,,,
Maracay,2025-10-19T06:49:05.764788,0.5663270105620982,42.111096176141764,,,,,,
Tirupati,2025-10-19T06:49:05.768544,0.5663270105620982,42.111096176141764,,,,,,
Bahawalpur,2025-10-19T06:49:05.772650,0.5663270105620982,42.111096176141764,,,,,,
Beijing,2025-10-19T06:49:05.776567,0.5663270105620982,42.111096176141764,,,,,,
Montreal,2025-10-19T06:49:05.779820,0.5663270105620982,42.111096176141764,,,,,,
Morelia,2025-10-19T06:49:05.783074,0.5663270105620982,42.111096176141764,,,,,,
Najaf,2025-10-19T06:49:05.786041,0.5663270105620982,42.111096176141764,,,,,,
Jiaozuo,2025-10-19T06:49:05.788456,0.5663270105620982,42.111096176141764,,,,,,
Malanje,2025-10-19T06:49:05.790592,0.5663270105620982,42.111096176141764,,,,,,
Ernakulam,2025-10-19T06:49:05.792672,0.5663270105620982,42.111096176141764,61.634,80.79,,,,
Tunis,2025-10-19T06:49:05.794819,0.5663270105620982,42.111096176141764,,,,,,
Stockholm,2025-10-19T06:49:05.796704,0.5663270105620982,42.111096176141764,,,,,,
Guilin,2025-10-19T06:49:05.798393,0.5663270105620982,42.111096176141764,,,,,,
La Plata,2025-10-19T06:49:05.800056,0.5663270105620982,42.111096176141764,,,,,,
Hengyang,2025-10-19T06:49:05.801617,0.5663270105620982,42.111096176141764,,,,,,
Ludhiana,2025-10-19T06:49:05.803192,0.5663270105620982,42.111096176141764,62.288,78.19,,,,
Taiz,2025-10-19T06:49:05.805267,0.5663270105620982,42.111096176141764,,,,,,
Baoding,2025-10-19T06:49:05.806842,0.5663270105620982,42.111096176141764,,,,,,
Campinas,2025-10-19T06:49:05.808352,0.5663270105620982,42.111096176141764,,,,,,
Almaty,2025-10-19T06:49:05.809935,0.5663270105620982,42.111096176141764,,,,,,
Xiaogan,2025-10-19T06:49:05.812612,0.5663270105620982,42.111096176141764,,,,,,
Pyongyang,2025-10-19T06:49:05.816973,0.5663270105620982,42.111096176141764,,,,,,
Calcutta,2025-10-19T06:49:05.821171,0.5663270105620982,42.111096176141764,64.32,86.09,251.03160594269542,251.57199179342058,improving,5654.0
Athens,2025-10-19T06:49:05.831260,0.5663270105620982,42.111096176141764,,,,,,
Jining Shandong,2025-10-19T06:49:05.835854,0.5663270105620982,42.111096176141764,,,,,,
Warangal,2025-10-19T06:49:05.839974,0.5663270105620982,42.111096176141764,,,,,,
Tashkent,2025-10-19T06:49:05.844290,0.5663270105620982,42.111096176141764,,,,,,
Fuzhou Fujian,2025-10-19T06:49:05.848340,0.5663270105620982,42.111096176141764,,,,,,
Ottawa,2025-10-19T06:49:05.852050,0.5663270105620982,42.111096176141764,,,,,,
Cebu City,2025-10-19T06:49:05.855933,0.5663270105620982,42.111096176141764,,,,,,
Nantong,2025-10-19T06:49:05.859426,0.5663270105620982,42.111096176141764,,,,,,
Visakhapatnam,2025-10-19T06:49:05.863033,0.5663270105620982,42.111096176141764,50.226,61.52,,,,
Dhaka,2025-10-19T06:49:05.867178,0.5663270105620982,42.111096176141764,,,,,,
Xinghua,2025-10-19T06:49:05.870734,0.5663270105620982,42.111096176141764,,,,,,
Tyumen,2025-10-19T06:49:05.873566,0.5663270105620982,42.111096176141764,,,,,,
Melbourne,2025-10-19T06:49:05.876058,0.5663270105620982,42.111096176141764,,,,,,
Jamshedpur,2025-10-19T06:49:05.878453,0.5663270105620982,42.111096176141764,,,,,,
Bogor,2025-10-19T06:49:05.880590,0.5663270105620982,42.111096176141764,,,,,,
Valparaiso,2025-10-19T06:49:05.882407,0.5663270105620982,42.111096176141764,,,,,,
San Pedro Sula,2025-10-19T06:49:05.884107,0.5663270105620982,42.111096176141764,,,,,,
Muzaffarnagar,2025-10-19T06:49:05.885824,0.5663270105620982,42.111096176141764,,,,,,
Yibin,2025-10-19T06:49:05.887442,0.5663270105620982,42.111096176141764,,,,,,
Jixi Heilongjiang,2025-10-19T06:49:05.889077,0.5663270105620982,42.111096176141764,,,,,,
Ruian,2025-10-19T06:49:05.894751,0.5663270105620982,42.111096176141764,,,,,,
Changsha,2025-10-19T06:49:05.900628,0.5663270105620982,42.111096176141764,,,,,,
Mashhad,2025-10-19T06:49:05.905557,0.5663270105620982,42.111096176141764,,,,,,
Leshan,2025-10-19T06:49:05.911177,0.5663270105620982,42.111096176141764,,,,,,
Curitiba,2025-10-19T06:49:05.914407,0.5663270105620982,42.111096176141764,,,,,,
Oshogbo,2025-10-19T06:49:05.919201,0.5663270105620982,42.111096176141764,,,,,,
Montevideo,2025-10-19T06:49:05.922298,0.5663270105620982,42.111096176141764,,,,,,
Newcastle Upon Tyne,2025-10-19T06:49:05.926224,0.5663270105620982,42.111096176141764,,,,,,
Dallas,2025-10-19T06:49:05.929668,0.5663270105620982,42.111096176141764,,,,,,
Kochi,2025-10-19T06:49:05.933482,0.5663270105620982,42.111096176141764,64.57000000000001,82.65,,,,
Krasnoyarsk,2025-10-19T06:49:05.938436,0.5663270105620982,42.111096176141764,,,,,,
Mianyang Sichuan,2025-10-19T06:49:05.943509,0.5663270105620982,42.111096176141764,,,,,,
Zhenjiang Jiangsu,2025-10-19T06:49:05.947035,0.5663270105620982,42.111096176141764,,,,,,
Bogota,2025-10-19T06:49:05.950710,0.5663270105620982,42.111096176141764,,,,,,
Lucknow,2025-10-19T06:49:05.953028,0.5663270105620982,42.111096176141764,56.331999999999994,72.88,,,,
Tangerang,2025-10-19T06:49:05.956215,0.5663270105620982,42.111096176141764,,,,,,
Yongin,2025-10-19T06:49:05.959335,0.5663270105620982,42.111096176141764,,,,,,
Ankara,2025-10-19T06:49:05.962080,0.5663270105620982,42.111096176141764,,,,,,
